MULTI_SEL_DESC;§GSHIFT+Click derecho§! to pick multiple units from current selection.;;§GSHIFT+LMT§!, um mehrere Einheiten in der momentanen Auswahl auszuwählen.;;§GSHIFT+Click derecho§! para escoger varias unidades de la selección actual.;;;;;;;;;x
SM_DETAILS;Details;;Details;;Detalles;;;;;;;;;x
DISBAND_ALL;Disband all selected units;;Alle ausgewählten Einheiten auflösen;;Disolver todas las unidades seleccionadas;;;;;;;;;x
DISBAND_ALL_TITLE;Disband all units;;Alle Einheiten auflösen;;Disolver todas las unidades;;;;;;;;;x
DISBAND_ALL_DESC;Are you sure that you want to §RDISBAND§! §Y$NUM$§! units?;;Seid Ihr sicher, dass Ihr §Y$NUM$§! Einheiten §RAUFLÖSEN§! wollt?;;¿Está seguro de que desea §RDISOLVER§! §Y$NUM$§! unidades?;;;;;;;;;x
DATE_DIFF_A;$Y$ years, $M$ months and $D$ days;;$Y$ Jahre, $M$ Monat) und $D$ Tage;;$Y$ años, $M$ meses y $D$ días;;;;;;;;;x
DATE_DIFF_B;$M$ months and $D$ days;;$M$ Monate und $D$ Tage;;$M$ meses y $D$ días;;;;;;;;;x
DATE_DIFF_C;$D$ days;;$D$ Tage;;$D$ días;;;;;;;;;x
torpedo_attacks;Torpedo Attacks;;Torpedo-Angriffe;;Ataques con Torpedos;;;;;;;;;x
TORPEDO_ATTACK;Torpedo Attack;;Torpedo-Angriff;;Ataque con Torpedo;;;;;;;;;x
TORPEDO_ATTACK_DESC;Torpedo attacks do extra damage against larger ships.;;Torpedo-Angriffe richten gegen größere Schiffe mehr Schaden an.;;Ataques con torpedos hacen daño extra contra buques más grandes.;;;;;;;;;x
NAVAL_COMBAT_STACK_PENALTY_DESC;§YCoordination penalty §R$PEN$%§Y caused by poor communication in the fleet, it makes it more difficult for our ships to find targets. Affected by amount of our ships and potential targets.§!;;§YKoordinations-Malus §R$PEN$%§Y, der durch mangelhafte Kommunikation in der Flotte verursacht wird, wodurch es für unsere Schiffe schwieriger ist, Ziele zu finden. Wird durch die Schiffsanzahl und mögliche Ziele beeinflusst.§!;;§YPena de coordinación de §R$PEN$%§Y causada por falta de comunicación de la flota, esto hace que sea más difícil para nuestros barcos encontrar objetivos. Afectado por nuestra cantidad de nuestras navios y blancos potenciales.§!;;;;;;;;;x
BP_TAB_CURRENT;Current Plans;;Aktuelle Pläne;;Planes actuales;;;;;;;;;x
BP_TAB_HISTORICAL;Historical Plans;;Historische Pläne;;Planes Históricos;;;;;;;;;x
BP_TOOL_COLOR_RED;Red;;Rot;;Rojo;;;;;;;;;x
BP_TOOL_COLOR_GREEN;Green;;Grün;;Verde;;;;;;;;;x
BP_TOOL_COLOR_BLUE;Blue;;Blau;;Azul;;;;;;;;;x
BP_TOOL_COLOR_YELLOW;Yellow;;Gelb;;Amarillo;;;;;;;;;x
BP_TOOL_ARROW_SLIM;Slim Arrow;;Dünner Pfeil;;Flecha Delgada;;;;;;;;;x
BP_TOOL_ARROW_MEDIUM_1;Medium Arrow 1;;Mittelgroßer Pfeil 1;;Flecha Mediana 1;;;;;;;;;x
BP_TOOL_ARROW_MEDIUM_2;Medium Arrow 2;;Mittelgroßer Pfeil 2;;Flecha Mediana 2;;;;;;;;;x
BP_TOOL_ARROW_MEDIUM_3;Medium Arrow 3;;Mittelgroßer Pfeil 3;;Flecha Mediana 3;;;;;;;;;x
BP_TOOL_ARROW_THICK;Thick Arrow;;Dicker Pfeil;;Flecha Gruesa;;;;;;;;;x
BP_TOOL_BORDER_1;Border type 1;;Grenztyp 1;;Tipo de borde 1;;;;;;;;;x
BP_TOOL_BORDER_2;Border type 2;;Grenztyp 2;;Tipo de borde 2;;;;;;;;;x
BP_TOOL_BORDER_3;Border type 3;;Grenztyp 3;;Tipo de borde 3;;;;;;;;;x
BP_TOOL_BORDER_4;Border type 4;;Grenztyp 4;;Tipo de borde 4;;;;;;;;;x
BP_TOOL_BORDER_5;Border type 5;;Grenztyp 5;;Tipo de borde 5;;;;;;;;;x
BP_TOOL_ICON_AIRPLANE;Airplane icon;;Flugzeug-Symbol;;Icono de Aeroplano;;;;;;;;;x
BP_TOOL_ICON_TANK;Tank icon;;Panzer-Symbol;;Icono de Tanque;;;;;;;;;x
BP_TOOL_ICON_BOMB_1;Small bomb icon;;Kleine Bombe-Symbol;;Icono de Bomba pequeña;;;;;;;;;x
BP_TOOL_ICON_BOMB_2;Large bomb icon;;Große Bombe-Symbol;;Icono de Bomba grande;;;;;;;;;x
BP_SAVE_PLAN_CONFIRM;Save Plan;;Plan speichern;;Guardar Plan;;;;;;;;;x
BP_SAVE_PLAN_CANCEL;Cancel;;Abbrechen;;Cancelar;;;;;;;;;x
BP_SAVE_PLAN_PROMPT;Battle Plan already exists!\nDo you want to overwrite?;;Kriegsplan existiert bereits!\nMöchtest Ihr diesen überschreiben?;;¡Este Plan de Batalla ya existe!\n¿Desea sobrescribir?;;;;;;;;;x
BP_DELETE_SAVED_PLAN_PROMPT;Are you sure that you want to delete the saved battle plan?;;Seid Ihr sicher, dass Ihr den gespeicherten Kriegsplan löschen möchtet?;;¿Estás seguro de que quieres eliminar el plan de batalla guardado?;;;;;;;;;x
BP_DELETE_CURRENT_PLAN_PROMPT;Are you sure that you want to delete the current battle plan?;;Seid Ihr sicher, dass Ihr den aktuellen Kriegsplan löschen möchtet?;;¿Estás seguro de que quieres eliminar el plan de batalla actual?;;;;;;;;;x
BP_SHARED_WITH;Shared with:;;Geteilt mit:;;Compartido con:;;;;;;;;;x
BP_NEW_PLAN;New Plan;;Neuer Plan;;Nuevo Plan;;;;;;;;;x
BP_TOOLTIP_TAB_CURRENT;List of current battle plans.;;Liste der aktuellen Kriegspläne.;;Lista de planes de batalla actuales.;;;;;;;;;x
BP_TOOLTIP_TAB_HISTORICAL;List of historical battle plans.\nClick §YImport§! to add the selected one to your current plans.;;Liste der historischen Kriegspläne.\nKlickt auf §Yimportieren§!, um den ausgewählten Plan zu den Aktuellen hinzuzufügen.;;Lista de sus planes de batalla históricos.\nPresione §YImportar§! para añadir la selección a sus planes actuales.;;;;;;;;;x
BP_TOOLTIP_TAB_SAVED;List of your saved battle plans.\nClick §YImport§! to add the selected one to your current plans.;;Liste deiner gespeicherten Kriegspläne.\nKlickt auf §Yimportieren§!, um den ausgewählten Plan zu den Aktuellen hinzuzufügen.;;Lista de sus planes de batalla guardados.\nPresione §YImportar§! Para  añadir la selección a sus planes actuales.;;;;;;;;;x
BP_TOOLTIP_NEW_PLAN;Create new plan.;;Neuen Plan entwerfen.;;Crear un nuevo plan.;;;;;;;;;x
BP_TOOLTIP_REMOVE_PLAN;Delete currently selected plan.;;Momentan ausgewählten Plan löschen.;;Eliminar el plan seleccionado.;;;;;;;;;x
BP_TOOLTIP_SHARE_PLAN;Toggle §Ysharing§! currently selected plan with your §Gally members§!.;;Schaltet §YTeilen§! des momentan ausgewählten Plans mit Eurem §GAllianz-Mitgliedern§! ein/aus.;;Activar §Ycompartir§! en plan seleccionado con tu §equipo§!.;;;;;;;;;x
BP_TOOLTIP_SAVE_PLAN;Save currently selected plan to file.;;Momentan ausgewählten Plan in Datei speichern.;;Guardar el plan seleccionado en el archivo.;;;;;;;;;x
BP_TOOLTIP_RENAME_PLAN;Rename currently selected plan.;;Momentan ausgewählten Plan umbenennen.;;Cambiar el nombre del plan seleccionado.;;;;;;;;;x
BP_TOOLTIP_IMPORT_PLAN;Add selected plan to your current plans.;;Ausgewählten Plan zu deinen aktuellen Plänen hinzufügen.;;Añadir plan seleccionado a sus planes actuales.;;;;;;;;;x
BP_TOOLTIP_TOOL_SELECT;Click on object to select it.;;Auf Objekt klicken, um es auszuwählen.;;Haga clic en el objeto para seleccionarlo.;;;;;;;;;x
BP_TOOLTIP_TOOL_ARROW;Choose arrow type, and draw it on the map with §YClick derecho§!.\nHold §YShift§! + §YClick derecho§! to snap your arrow to another one.;;Wählt einen Pfeiltyp aus und zeichnet ihn mithilfe der §YLMT§! auf die Landkarte.\nHaltet §YShift§! + §YLMT§! gedrückt, um Euren Pfeil an einem anderen anzudocken.;;Seleccione un tipo de flecha y dibuje en el mapa con §YClick derecho§!.\nMantenga presionado §YShift§! + §YClick derecho§! para ajustar una flecha con otra.;;;;;;;;;x
BP_TOOLTIP_TOOL_BORDER;Choose border type, and draw it on the map with §YClick derecho§!.;;Wählt einen Grenztyp aus und zeichne ihn mithilfe der §YLMT§! auf die Landkarte.;;Seleccione un tipo de borde y dibuje en el mapa con §YClick derecho§!.;;;;;;;;;x
BP_TOOLTIP_TOOL_ICON;Choose icon type, and draw it on the map with §YClick derecho§!.\nHold §YShift§! + §YMouse Wheel§! to rotate an icon.;;Wählt einen Symboltyp aus und zeichnt ihn mithilfe der §YLMT§! auf die Landkarte.\nHaltet §YShift§! + §YMausrad§! gedrückt, um das Symbol zu drehen.;;Seleccione un tipo de icono y dibuje en el mapa con §YClick derecho§!.\nMantega presionado  §YShift§! + §YRueda del Ratón§ para girar un icono.;;;;;;;;;x
BP_TOOLTIP_TOOL_COLOR;Choose current color to draw arrows and icons.\nAlso applies the color to any currently selected arrow or icon.;;Wähle die aktuelle Farbe aus, um Pfeile und Symbole zu zeichnen.\nDiese Farbe wird auch für jeden momentan ausgewählten Pfeil oder jedes ausgewählte Symbol verwendet.;;Seleccione un color actual para dibujar flechas e iconos.\nTambién se aplica el color a cualquier flecha o icono ya seleccionado.;;;;;;;;;x
BP_TOOLTIP_TOOL_TEXT;Place a text sign on the map.\nIf nothing selected - creates a new text.\nIf an arrow is selected - draws the text on the arrow.\nIf text sign selected - edits the text.\n§YShift§! + §YMouse Wheel§! to rotate the text.\n§YCtrl§! + §YMouse Wheel§! to scale the text.;;Setzt ein Textzeichen auf die Landkarte.\nWenn nichts ausgewählt wird –  Ein neuer Text wird erstellt.\nWenn ein Pfeil ausgewählt wird – Der Text wIr allíuf den Pfeil gezeichnet.\nWenn das Textzeichen ausgewählt wird – der Text wird bearbeitet.\n§YShift§! + §YMausrad§!, um den Text zu drehen.\n§YStrg§! + §YMausrad§!, um den Text zu skalieren.;;Coloque una señal de texto en el mapa.\nSi no hay nada seleccionado - cree un nuevo texto.\nSi una flecha esta selecciona - dibuje el texto en la flecha.\nSi selecciona un recuadro de texto - edite el texto.\n§YShift§! + §YRueda del Ratón§! para rotar el texto.\n§YCtrl§! + §YRueda del Ratón§! para escalar el texto.;;;;;;;;;x
BP_TOOLTIP_TOOL_ERASE;Delete selected object.;;Ausgewähltes Objekt löschen.;;Eliminar objetos seleccionados.;;;;;;;;;x
BP_TOOLTIP_VISIBILITY;Toggle plan visibility on the map.;;Plansichtbarkeit auf der Landkarte ein-/ausschalten.;;Alternar la visibilidad del plan en el mapa.;;;;;;;;;x
MILITARY_SPENDINGS_LAND;Spending on §YLand§! units:;;Ausgaben für §YLand§!-Einheiten:;;Gastando en unidades §YTerrestres§!:;;;;;;;;;x
MILITARY_SPENDINGS_NAVAL;Spending on §YNaval§! units:;;Ausgaben für §YMarine§!-Einheiten:;;Gastando en unidades §YNavales§!:;;;;;;;;;x
MILITARY_SPENDINGS_PROJECTS;Spending on §YConstructions§!:;;Ausgaben für §YBauvorhaben§!:;;Gastando en §YConstrucciones§!:;;;;;;;;;x
STOCKPILE_COST_ESTIMATED;We §Yestimate§! tomorrow's stockpile purchases will cost:;;Wir §Yschätzen§!, dass die morgigen Vorrats-Einkäufe folgendes kosten werden:;;§YEstimamos§! que las compras de reservas de mañana costarán:;;;;;;;;;x
STOCKPILE_COST_ACTUAL;Today we §Yactually§! spent on stockpile:;;Heute betrugen die §Ytatsächlichen§! Ausgaben für Vorräte:;;Hoy hemos gastado §Yefectivamente§! en reservas:;;;;;;;;;x
NAVAL_COMBAT_DETAILS_APPROACH;Approaching §Y$WHO$§!. Current distance: §Y$DIST$§!.;;Nähert sich §Y$WHO$§!. Derzeitige Entfernung: §Y$DIST$§!.;;Acercándose a §Y$WHO$§!. Distancia actual: §Y$DIST$§!.;;;;;;;;;x
NAVAL_COMBAT_DETAILS_DESTROYED;§RDestroyed§! by §Y$WHO$§!;;§RZerstört§! von §Y$WHO$§!;;§RDestruido§! por §Y$WHO$§!;;;;;;;;;x
NAVAL_COMBAT_DETAILS_DISENGAGED;This unit has managed to disengage, and is no longer a part of the battle.;;Diese Einheit konnte sich zurückziehen und ist nicht länger in den Kampf verwickelt.;;Esta unidad ha logrado retirarse, y ya no forma parte de la batalla.;;;;;;;;;x
NAVAL_COMBAT_DETAILS_RETREAT;This unit is retreating.;;Diese Einheit befindet sich auf dem Rückzug.;;Esta unidad está retrocediendo.;;;;;;;;;x
NAVAL_COMBAT_DETAILS_SEEKING;Searching for best target.;;Suche nach dem besten Ziel.;;Buscando el mejor objetivo.;;;;;;;;;x
NAVAL_COMBAT_DETAILS_SHOOTING;Firing at §Y$WHO$§!.\n- Damage to Organisation §G$ORG$§!\n- Damage to Strength §Y$STR$§!;;Feuert auf §Y$WHO$§!.\n- Schaden an der Organisation §G$ORG$§!\n- Schaden auf Stärke §Y$STR$§!;;Disparando a §Y$WHO$§!.\n- Daño a la Organización  §G$ORG$§!\n- Daño a la Fuerza §Y$STR$§!;;;;;;;;;x
NAVAL_COMBAT_DETAILS_FILTERING;Click with §GClick derecho§! to show all ships that are targetting this ship.;;Klickt mit §GLMT§!, um alle Schiffe zu sehen, die auf dieses Schiff zielen.;;Haga clic con §GClick derecho§! para mostrar todos los barcos que tienen como objetivo a este navío.;;;;;;;;;x
MAPMODE_NAVAL_TOOLTIP_LEVEL;Naval base level §G$LVL$§!;;Marinestützpunkt-Stufe §G$LVL$§!;;Nivel de la base naval §G$LVL$§!;;;;;;;;;x
MAPMODE_NAVAL_TOOLTIP_NO_BASE;There is not any naval base in this state.;;In diesem Staat befindet sich kein Marinestützpunkt.;;No hay ninguna base naval en este estado.;;;;;;;;;x
MAPMODE_NAVAL_TOOLTIP_CAP;This province §Ynaval supply throughput§! is §G$CAP$§! of total §G$TOT$§!.;;Der §YMarine-Versorgungsdurchsatz§! dieser Provinz beträgt §G$CAP$§! von insgesamt §G$TOT$§!.;;En esta provincia el §Yrendimiento suministro naval§! es de §G$CAP$§! sobre un total de §G$TOT$§!.;;;;;;;;;x
MAPMODE_NAVAL_TOOLTIP_IN_OTHER;A naval base already exists in this state, in §Y$PROV$§!.;;In diesem Staat gibt es bereits einen Marinestützpunkt in §Y$PROV$§!. ;;Una base naval ya existe en este estado, en §Y$PROV$§!.;;;;;;;;;x
MAPMODE_NAVAL_TOOLTIP_UNDER_CON;A naval base is already under construction here.;;Hier befindet sich bereits ein Marinestützpunkt im Bau.;;Una base naval ya está en construcción aquí.;;;;;;;;;x
NAVAL_SUPPLY_PENALTY_DESC;Affected by §Ynaval supply throughput§! penalty of §R$PEN$%§!.;;Beeinflusst durch den §YMarine-Versorgungsdurchsatz§!-Malus von §R$PEN$%§!.;;Afectados por el §Yrendimiento de suministros navales§! penalización de §R$PEN$%§!.;;;;;;;;;x
COMBAT_LEADER_MOD_ATTACK;Leader attack;;Anführer-Angriff;;Líder de ataque;;;;;;;;;x
COMBAT_LEADER_MOD_DEFENSE;Leader defense;;Anführer-Verteidigung;;Líder de defensa;;;;;;;;;x
OCCUPATION_SCORE_ATTACKER;Attacker occupation: ;;Besatzung des Angreifers:;;Ocupación del atacante:;;;;;;;;;x
OCCUPATION_SCORE_DEFENDER;Defender occupation: ;;Besatzung des Verteidigers:;;Ocupación del defensor:;;;;;;;;;x
BLOCKADE_SCORE_ATTACKER;Attacker blockades: ;;Blockaden des Angreifers:;;Bloqueos del atacante:;;;;;;;;;x
BLOCKADE_SCORE_DEFENDER;Defender blockades: ;;Blockaden des Verteidigers:;;Bloqueos del defensor:;;;;;;;;;x
TICKING_WARSCORE_HEAD;§YScore over time§! bonus §Y$VAL$§!:;;§YWertung über Zeit§!-Bonus §Y$VAL$§!:;;Bono de §Ypuntuación sobre tiempo§! §Y$VAL$§!:;;;;;;;;;x
TICKING_WARSCORE_DESC_SCORE;Currently $VAL$ (daily change $CHANGE$).;;Derzeit $VAL$ (tägliche Änderung $CHANGE$).;;Actualmente $VAL$ ($CHANGE$ cambio diario).;;;;;;;;;x
TICKING_WARSCORE_DESC_SCORE_MAX;Currently $VAL$ (Max).;;Derzeit $VAL$ (Max).;;Actualmente $VAL$ (Max.).;;;;;;;;;x
TICKING_WARSCORE_DESC_SCORE_SHORT;$VAL$ (daily $CHANGE$).;;$VAL$ (täglich $CHANGE$).;;$VAL$ ($CHANGE$ diarios).;;;;;;;;;x
TICKING_WARSCORE_DESC_SCORE_MAX_SHORT;$VAL$ (Max).;;$VAL$ (Max).;;$VAL$ (Max.).;;;;;;;;;x
CB_DESTROY_FORTS;Destroy fortifications;;Zerstört Festungen;;Destruir fortificaciones;;;;;;;;;x
CB_DESTROY_NAVAL_BASES;Destroy naval bases;;Zerstört Marinestützpunkte;;Destruir las bases navales;;;;;;;;;x
po_destroy_forts;Destroy all forts in $STATE$.;;Zerstört alle Forts in $STATE$.;;Destruir todos los fuertes de $STATE$.;;;;;;;;;x
po_destroy_naval_bases;Destroy naval base in $STATE$.;;Zersört den Marinestützpunkt in $STATE$ .;;Destruye la base naval de $STATE$.;;;;;;;;;x
ALL_CORE_PROVINCES;all states with core provinces;;alle Kernprovinzen;;todos los estados con las provincias núcleo;;;;;;;;;x
ALL_SATES;all states;;alle Staaten;;todos los estados;;;;;;;;;x
dismantle_forts_desc;Dismantle forts and naval bases.;;Reißt Forts und Marinestützpunkte ab.;;Desmontar fuertes y bases navales.;;;;;;;;;x
dismantle_forts;Dismantle Fortifications;;Reißt Forts ab;;Desmontar Fortificaciones;;;;;;;;;x
dismantle_forts_short;Dismantle constructions in $STATE$;;Reißt Bauten in $STATE$ ab;;Desmontar construcciones en $STATE$;;;;;;;;;x
dismantle_forts_setup;Dismantle forts and naval bases in $STATE$;;Reißt Forts und Marinestützpunkte in $STATE$ ab;;Desmontar fuertes y bases navales en $STATE$;;;;;;;;;x
liberate_country_desc;Liberate an §Yentire country§W from its oppressors;;Befreit ein §Yganzes Land§W von seinen Unterdrückern;;Libera un §Ypaís entero§W de sus opresores;;;;;;;;;x
liberate_country;Liberate Country;;Befreit das Land;;Liberar País;;;;;;;;;x
liberate_country_short;$THIRD$ acquires $STATE$;$THIRD$ prend $STATE$;$THIRD$ erwirbt $STATE$;;$THIRD$ adquiere $STATE$;;;;;;;;;x
liberate_country_setup;Return $STATE$ to $THIRD$ from $RECIPIENT$;Prendre $STATE$ à $RECIPIENT$ pour le rendre à $THIRD$;Gebt $STATE$ an $THIRD$ von $RECIPIENT$ zurück;;Devolver $STATE$ a $THIRD$ de $RECIPIENT$;;;;;;;;;x
FIRE_RANGE;Firing Range;;Schussreichweite;;Alcance de Disparo;;;;;;;;;x
EVASION;Evasion;;Ausweichen;;Evasión;;;;;;;;;x
SORT_BY;Sort by:;;Sortieren nach:;;Ordenar por:;;;;;;;;;x
STANCE;Stance;;Haltung;;Puesto;;;;;;;;;x
STR_ORG;Str/Org;;Stärke/Org.;;Fuerza/Org.;;;;;;;;;x
SORT_BY_TYPE_DESC;Sort ships by their §Ytype§!.;;Schiffe nach §YTyp§! sortieren.;;Ordenar los buques por su §Ytipo§!.;;;;;;;;;x
SORT_BY_STANCE_DESC;Sort ships by their §Ycurrent action§!.;;Schiffe nach ihrer §Yaktuellen Aktivität§! sortieren.;;Ordenar los buques por su §Yacción actual§!.;;;;;;;;;x
SORT_BY_STR_ORG_DESC;Sort ships by their §Yaverage of Strength and Organisation§!.;;Schiffe nach ihrer §Ydurchschnittlichen Stärke und Organisation§! sortieren.;;Ordenar los buques por su §Ymedia de fuerza y organisación§!.;;;;;;;;;x
TARGETED_BY;Targetted by:;;Im Visier von:;;Dirigidos por:;;;;;;;;;x
MAY_NOT_RETREAT_NAVAL;It is not possible, nor would it be honorable, to retreat from a battle before we have a complete understanding of our chances.;;Es ist nicht möglich, und auch nicht sonderlich ehrenvoll, den Rückzug von einem Gefecht anzutreten, bevor wir nicht eine vollständige Übersicht über unsere Chancen haben.;;No es posible, ni sería honorable, retirarse de una batalla antes de que tengamos una comprensión completa de nuestras posibilidades.;;;;;;;;;x
REMAINING_NAVAL_RETREAT;Before we can perform a voluntary retreat, we need to get closer by §Y$OPT$§! to figure out what our chances are.;;Bevor wir einen freiwilligen Rückzug antreten können, müssen wir noch näher an §Y$OPT$§!, um unsere Chancen besser einschätzen zu können.;;Antes de poder realizar una retirada voluntaria, tenemos que estar más cerca de §Y$OPT$§! para averiguar cuales son nuestras posibilidades.;;;;;;;;;x
NAVAL_COMBAT_STATUS_APPROACH;Approaching;;Herannahend;;Aproximándose;;;;;;;;;x
NAVAL_COMBAT_STATUS_SEEKING;Seeking target;;Auf Zielsuche;;Buscando objetivo;;;;;;;;;x
NAVAL_COMBAT_STATUS_FIRING;Damage §G$ORG$§!/§R$STR$§!;;Schaden §G$ORG$§!/§R$STR$§!;;Daños §G$ORG$§!/§R$STR$§!;;;;;;;;;x
NAVAL_COMBAT_STATUS_RETREAT;Retreating;;Auf dem Rückzug;;Retirándose;;;;;;;;;x
NAVAL_COMBAT_STATUS_DISENGAGED;Disengaged;;Zurückgezogen;;Aislado;;;;;;;;;x
SUPPLY_LOAD;Supplies weight;;Vorratsgewicht;;Peso de suministros;;;;;;;;;x
SUPPLY_LOAD_STATUS_DESC_BASIC;The total §Ysupply throughput§! of all our §Ynaval ports§! is $TOT$.\nAll our ships requires in total $REQ$.;;Der gesamte §YVersorgungsdurchsatz§! all unserer §YMarinehäfen§! beträgt $TOT$.\nAll unsere Schiffe benötigen insgesamt $REQ$.;;El §Yrendimiento suministro§! total de todos nuestros §Ypuertos navales§! es de $TOT$.\nTodos nuestros barcos requiere un total de $REQ$.;;;;;;;;;x
SUPPLY_LOAD_STATUS_DESC_PENALTY;Our ships suffer $PEN$ penalty of supplying them.;;Unsere Schiffe erleiden $PEN$ Malus für ihre Versorgung.;;Nuestros barcos sufren una pena de $PEN$ suministros para ellos.;;;;;;;;;x
SUPPLY_LOAD_STATUS_DESC_HINT;Consider building naval bases, or disband some ships.;;Überlegt, einige Marinestützpunkte zu bauen, oder entlasst einige Schiffe.;;Considere la posibilidad de la construir mas bases navales o disolver algunos barcos.;;;;;;;;;x
SUPPLY_LOAD_STATUS_DESC_UPCOMING_PENALTY;New ships are under construction, that will exceed the supply limits by $EXC$.;;Neue Schiffe befinden sich im Bau, dies wird das Versorgungslimit um $EXC$ überschreiten.;;Los buques nuevos se encuentran en construcción, que superará los límites de suministro por $EXC$.;;;;;;;;;x
SUPPLY_LOAD_STATUS_DESC_DETAILED_LIST;The following report shows the supply throughput demands:;;Der folgende Bericht zeigt den Versorgungsdurchsatz-Bedarf:;;El siguiente informe muestra las demandas de rendimiento de suministro:;;;;;;;;;x
SHIP_BUILD_MIN_BASE_LEVEL;Requires naval port with level §Y$LVL$§! or greater.;;Benötigt einen Hafen der Stufe §Y$LVL$§! oder höher.;;Requiere puerto naval con el nivel de §Y$LVL$§! o mayor.;;;;;;;;;x
SHIP_BUILD_LIMIT_PER_BASE;Limited to §Y$LIM$§! units per each port that supports this ship.;;Begrenzt auf §Y$LIM$§! Einheiten pro Hafen, der dieses Schiff versorgt.;;Limitado a §Y$LIM$§! unidades por cada puerto que soporta esta nave.;;;;;;;;;x
SHIP_BUILD_LIMIT_PER_BASE_HINT;§RConsider building more naval bases of level at least §G$LVL$§R.§!;;§RÜberlegt, weitere Marinestützpunkte mit einer Stufe von mindestens §G$LVL$zu bauen§R.§!;;§RConsiderar la construcción de bases navales de un nivel al menos de §G$LVL$§R.§!;;;;;;;;;x
SHIP_BUILD_LIMIT_MAX;§Y(Limit: $LIM$)§!;;§Y(Limit: $LIM$)§!;;§Y(Límite: $LIM$)§!;;;;;;;;;x
BUILDING_ONE_PER_STATE;Only one per state;;Nur eins pro Staat;;Sólo uno por estado;;;;;;;;;x
DIPLOMACY_CRISIS_INFO;Crisis;;Konflikte;;Crisis;;;;;;;;;x
CRISIS_CANT_DECLARE_WAR;You can not declare war or be declared war upon if you are involved in a crisis.;;Ihr könnt keinen Krieg erklären oder eine Kriegserklärung erhalten, wenn Ihr Euch in einem Konflikt befindet.;;No puedes declarar la guerra ni se le declarará la guerra a usted si está involucrado en una crisis.;;;;;;;;;x
HAS_FLASHPOINT;Has flashpoint;;Hat einen Unruheherd;;Hay tensión;;;;;;;;;x
HAS_NO_FLASHPOINT;Has no flashpoint;;Hat keinen Unruheherd;;No hay tensión;;;;;;;;;x
TENSION_LESS_THAN;Lower flashpoint tension than ;;Niedriger Unruhe-Spannungen als;;Tensión menor que;;;;;;;;;x
TENSION_MORE_THAN;Higher flashpoint tension than ;;Höhere Unruhe-Spannungen als;;Tensión mayor que;;;;;;;;;x
CRISIS_TEMPERATURE_LESS_THAN;Lower crisis temperature than ;;Niedrigere Konflikttemperatur als;;Temperatura de la crisis menor que;;;;;;;;;x
CRISIS_TEMPERATURE_MORE_THAN;Higher crisis temperature than ;;Höhere Konflikttemperatur als;;Temperatura de la crisis mayor que;;;;;;;;;x
FLASHPOINT_TENSION_EFFECT;$DIRECTION$ $VALUE$ flashpoint tension.\n;;$DIRECTION$ $VALUE$ Unruhe-Spannung.\n;;$DIRECTION$ $VALUE$ de tensión.\n;;;;;;;;;x
diplomatic_focus;Diplomacy;;Diplomatie;;Diplomacia;;;;;;;;;x
increase_tension;Increase tension ;;Spannung erhöhen;;Aumentar la tensión;;;;;;;;;x
increase_tension_focus_desc;Increase flashpoint tension by about §Y$VAL$§W% each month.;;Erhöht die Unruhe-Spannungen um etwa §Y$VAL$§W% pro Monat.;;Aumentar la tensión en §Y$VAL$§W% cada mes.;;;;;;;;;x
NOT_A_FLASHPOINT;§RNot a flashpoint§!;;§RKein Unruheherd§!;;§RSin tensión§!;;;;;;;;;x
MAPMODE_21;Crises;;Konflikte;;Crisis;;;;;;;;;x
MAPMODE_22;Naval;;Marine;;Naval;;;;;;;;;x
FLASHPOINT_TENSION;Flashpoint tension: §Y$VALUE$§!%;;Unruhe-Spannungen: §Y$VALUE$§!%;;Tensión: §Y$VALUE$§!%;;;;;;;;;x
EXECUTING_HISTORY;Executing History;;Abrufen der Geschichte;;Haciendo Historia;;;;;;;;;x
CRISIS_TEMPERATURE;Crisis temperature: §R$VALUE$%§!;;Konflikttemperatur: §R$VALUE$%§!;;Temperatura de la Crisis: §R$VALUE$%§!;;;;;;;;;x
HAS_CRISIS;There is a current crisis;;Es gibt momentan einen Konflikt;;Actualmente hay una crisis;;;;;;;;;x
HAS_NO_CRISIS;There is no current crisis;;Es gibt momentan keinen Konflikt;;Actualmente no hay una crisis;;;;;;;;;x
CRISIS_TEMPERATURE_EFFECT;$DIRECTION$ $VALUE$ crisis temperature.\n;;$DIRECTION$ $VALUE$ Konflikttemperatur.\n;;$DIRECTION$ $VALUE$ crisis de temperatura.\n;;;;;;;;;x
TRIGGER_STATE;Crisis state;;Konflikt-Zustand;;Estado de la Crisis ;;;;;;;;;x
BACKERS_LABEL;Backers:;;Unterstützer:;;Partidarios:;;;;;;;;;x
SUPPORT_SIDE;Support Side;;Seite unterstützen;;Apoya un Bando;;;;;;;;;x
ON_THE_FENCE_LABEL;Still on the fence:;;Noch unentschlossen:;;Todavía indecisos:;;;;;;;;;x
vacuum_tube;Vacuum Tube;;Vakuumröhre;;Válvula electrónica;;;;;;;;;x
vacuum_tube_desc;The vacuum tube (also known as the thermionic valve) is a device that utilizes the flow of current through a vacuum. In a vacuum tube electrons travel via thermionic emission (the Edison Effect) from a hot filament (negative cathode) through the vacuum to a positive electrode (the anode). Additional electrodes were later interposed between the anode and cathode, enabling amplification and switching of signals. Vacuum tubes were essential to the production and commercialization of radio, telephones, TV, radar, and early computers;;Die Vakuumröhre (auch Elektronenröhre genannt) ist ein Gerät, das den Stromfluss durch ein Vakuum ausnutzt. Elektronen reisen in einer Vakuumröhre aufgrund von Glühemission  (dem Edison-Effekt) von einem heißen Glühfaden (der negativen Kathode) durch ein Vakuum zu einer positiven Elektrode (der Anode). Zusätzliche Elektroden wurden später zwischen der Anode und Kathode hinzugefügt und erlaubten die Verstärkung und den Wechsel von Signalen. Vakuumröhren waren ein wesentlicher Bestandteil für die Produktion und Kommerzialisierung von Radios, Telefonen, Fernsehern, Radar und den ersten Computern.;;La válvula de vacío (también conocido como válvula electrónica o termoiónica) es un dispositivo que utiliza un flujo de corriente a través del vacío. En la válvula de vacío los electrones viajan a través de la emisión termoiónica (Efecto Edison) de un filamento caliente (cátodo negativo) a través del vacío a un electrodo positivo (ánodo). Más tarde fueron interpuestos electrodos adicionales entre el ánodo y el cátodo, lo que permitio la amplificación y conmutación de señales. Las válvulas de vacío eran esenciales para la producción y comercialización de la radio, teléfono, televisión, radares y computadoras tempranas.;;;;;;;;;x
tulls_seed_drill;Tull's Seed Drill;;Tulls Sämaschine;;Sembradora de Tull;;;;;;;;;x
tulls_seed_drill_desc;Up until this era, farmers planted the seeds for cereal crops by carrying the seeds in a bag and walking up and down the field throwing or broadcasting the seed. They broadcast the seed by hand on to the ploughed and harrowed ground. The problem with this method was that it did not give a very even distribution. It was not, therefore, an efficient use of the seed and much of it was wasted. Jethro Tull invented a Seed Drill which could be pulled behind a horse. It consisted of a wheeled vehicle containing a box filled with grain. There was a wheel-driven ratchet that sprayed the seed out evenly as the Seed Drill was pulled across the field.;;Vor dieser Epoche pflanzten Bauern die Saat für Getreide, indem sie diese in einem Beutel über das Feld trugen und ausstreuten oder verteilten. Sie taten dies von Hand auf dem gepflügten und geeggten Feldboden. Das Problem bestand in der ungleichmäßigen Verteilung des Saatguts. Es war daher keine effiziente Verwendung des Saatguts, sondern vielmehr eine Verschwendung. Jethro Tull erfand eine Sämaschine, die von einem Pferd gezogen werden konnte. Es war ein Vehikel auf Rädern mit einer Kiste voll Getreide darin. Eine radbetriebene Schraube verteilte das Saatgut gleichmäßig, wenn das Gefährt über das Feld gezogen wurde.;;Hasta esta época, los agricultores plantaban las semillas para los cultivos de cereales mediante andando por el campo tirando las semillas sobre el arado. El problema con este método es que no se daba una distribución muy uniforme, y por lo tanto, se usaba de manera ineficiente las semillas y gran parte de estas se desperdiciaban. Jethro Tull inventó una sembradora que podría ser tirada por un caballo. Consistía en un vehículo con ruedas que contenia una caja llena de grano. Hubo un trinquete en la rueda que distribuía las semillas de manera uniforme.;;;;;;;;;x
rotherham_plough;Rotherham Plough;;Rotherham-Pflug;;Arado Rotherham;;;;;;;;;x
rotherham_plough_desc;The Rotherham or Yorkshire Plough invented by Disney Stanyforth and Joseph Foljambe was an improvement on the traditional plough. It was constructed of wood like the standard plough but the fittings and coulter (cutting blade) were made of iron and the mouldboard and ploughshare were covered in iron plates. It was lighter than the traditional plough and could be easily worked with a pair of horses.;;Der Rotherham oder Yorkshire Pflug wurde von Disney Stanyforth und Joseph Foljambe als Weiterentwicklung des traditionellen Pflugs erfunden. Er bestand aus Holz wie der Standard-Pflug, doch die Beschläge und das Pflugmesser waren aus Eisen und  das Streichblech und die Pflugschar waren mit Eisen verkleidet. Dieser Pflug war leichter als der traditionelle Pflug und konnte leicht von zwei Pferden gezogen werden.;;El arado Rotherham fue construido en Inglaterra en 1730. Su forma triangular hizo más fácil tirar de él y se adaptó para ser tirado por caballos. Fue construido por el holandés Joseph Foljambe y marca el comienzo de su fabricación industrial.;;;;;;;;;x
telephone_switchboard;Telephone Switchboard;;Telefon-Zentrale;;Central teléfonica;;;;;;;;;x
telephone_switchboard_desc;The telephone switchboard is a system of electrical components used to connect telephone calls. The first telephone switchboard was invented by Hungarian Tivadar Puskás in 1877 while working for Thomas Edison. Primitive Telephone exchanges were in place for commercial applications by 1881 in the eastern US and western Europe. Telephone exchanges consisted of hundreds of 'plug boards' where a staff of operators manually 'plugged in' calls to route them. Almon Brown Strowger patented the first stepping switch in 1891, which led to automated telephone switching.;;Eine Telefon-Zentrale ist ein System aus elektronischen Komponenten und wird dazu verwendet, Anrufe zu verbinden. Die erste Telefon-Zentrale wurde 1877 von dem Ungarn Tivadar Puskás erfunden, während er für Thomas Edison arbeitete. Erste primitive Fernsprechämter für kommerzielle Einrichtungen bestanden 1881 im Osten der US und im westlichen Europa. Fernsprechämter bestanden aus hunderten von Schalttafeln, an denen Telefonisten manuell Anrufe weiterleiteten und verbanden, indem sie Kabel umstöpselten. Almon Brown Strowger patentierte 1891 den ersten Kippschalter, der zur automatischen Anrufweiterleitung führte.;;"La central telefónica es un sistema de componentes eléctricos utilizados para conectar llamadas telefónicas. La primera central telefónica fue inventado por el húngaro Tivadar Puskás en 1877 mientras trabajaba para Thomas Edison. Las centrales telefónicas primitivas estaban ya para 1881 en el este de los EE.UU. y Europa occidental. Las centrales telefónicas consistieron en cientos de ""placas de enchufe"", donde un equipo de operadores ""enchufan"" manualmente las llamas para que los conduzca. Almon Brown Strowger patentó el primer conmutador paso a paso en 1891, que dio lugar a la conmutación telefónica automática.";;;;;;;;;x
BRZ_2446;Minas Gerais;Minas Gerais;Minas Gerais;;Minas Gerais;;;;;;;;;x
CLM_2259;Cauca;Cauca;Cauca;;Cauca;;;;;;;;;x
ANN_1371;Tonkin;Tonkin;Tonkin;;Tonkin;;;;;;;;;x
ANN_1374;Annam;Annam;Annam;;Annam;;;;;;;;;x
ANN_1383;Cochin China;Cochin China;Cochinchina;;Cochin;;;;;;;;;x
LUA_1356;Laos;Laos;Laos;;Laos;;;;;;;;;x
SIA_1392;Bangkok;Bangkok;Bangkok;;Bangkok;;;;;;;;;x
SIA_1355;Chiang Mai;Chiang Mai;Chiang Mai;;Chiang Mai;;;;;;;;;x
SIA_1358;Nakhon Ratchasima;Nakhon Ratchasima;Nakhon Ratchasima;;Nakhon Ratchasima;;;;;;;;;x
ENG_1384;Malaya;Malaya;Malaya;;Malaya;;;;;;;;;x
ENG_1343;Tenasserim;Tenasserim;Tenasserim;;Tenasserim;;;;;;;;;x
BUR_1339;Kachin;Kachin;Kachin;;Kachin;;;;;;;;;x
BUR_1334;Shan States;Shan States;Shan-Staaten;;Estados Shan;;;;;;;;;x
BUR_1330;Pegu;Pegu;Pegu;;Pegu;;;;;;;;;x
NEP_1327;Himalayas;Himalayas;Himalaya;;Himalaya;;;;;;;;;x
TIB_1591;Tibet;Tibet;Tibet;;Tíbet;;;;;;;;;x
ENG_1247;Bihar;Bihar;Bihar;;Bihar;;;;;;;;;x
ENG_1261;Orissa;Orissa;Orissa;;Orissa;;;;;;;;;x
ENG_1236;United Provinces;United Provinces;Vereinte Provinzen;;Provincias Unidas;;;;;;;;;x
PAN_1227;Punjab;Punjab;Punjab;;Punjab;;;;;;;;;x
PAN_1224;Kashmir;Kashmir;Kaschmir;;Cachemira;;;;;;;;;x
KAL_1221;Baluchistan;Baluchistan;Belutschistan;;Baluchistán;;;;;;;;;x
SIN_1288;Sind;Sind;Sind;;Sind;;;;;;;;;x
ENG_1291;Gujarat;Gujarat;Gujarat;;Gujarat;;;;;;;;;x
ENG_1264;Rajputana;Rajputana;Rajputana;;Rajputana;;;;;;;;;x
ENG_1275;Central India;Central India;Zentral-Indien;;India Central;;;;;;;;;x
NAG_1277;Nagpur;Nagpur;Nagpur;;Nagpur;;;;;;;;;x
ENG_1305;Circars;Circars;Circars;;Circars;;;;;;;;;x
HYD_1283;Hyderabad;Hyderabad;Hyderabad;;Hyderabad;;;;;;;;;x
ENG_1297;Bombay;Bombay;Bombay;;Bombay;;;;;;;;;x
ENG_1304;Madras;Madras;Madras;;Madras;;;;;;;;;x
MYS_1314;Mysore;Mysore;Mysore;;Mysore;;;;;;;;;x
ENG_1317;Travancore;Travancore;Travancore;;Travancore;;;;;;;;;x
ATJ_1405;Aceh;Aceh;Aceh;;Aceh;;;;;;;;;x
NET_1398;Sumatra;Sumatra;Sumatra;;Sumatra;;;;;;;;;x
NET_1423;Borneo;Borneo;Borneo;;Borneo;;;;;;;;;x
NET_1449;Moluccas;Moluccas;Molukken;;Molucas;;;;;;;;;x
NET_1451;Western New Guinea;Western New Guinea;West-Neuguinea;;Nueva Guinea Occidental;;;;;;;;;x
BAL_1438;Sunda Islands;Sunda Islands;Sundainseln;;Islas de la Sonda;;;;;;;;;x
BRU_1394;North Borneo;North Borneo;Nord-Borneo;;Borneo Septentrional;;;;;;;;;x
PER_1141;Laristan-Sistan;Laristan-Sistan;Laristan-Sistan;;Lorestán-Sistán;;;;;;;;;x
PER_1148;Khorasan;Khorasan;Khorasan;;Jorasán;;;;;;;;;x
PER_1138;Khuzestan;Khuzestan;Chuzestan;;Juzestán;;;;;;;;;x
PER_1135;Fars-Kerman;Fars-Kerman;Fars-Kerman;;Fars-Kerman;;;;;;;;;x
PER_1127;Isfahan;Isfahan;Isfahan;;Isfahán;;;;;;;;;x
PER_1116;Gilan-Mazandaran;Gilan-Mazandaran;Gilan-Mazandaran;;Gilan-Mazandaran;;;;;;;;;x
PER_1121;Irakajemi;Irakajemi;Irakajemi;;Irakajemi;;;;;;;;;x
PER_1112;Tabriz;Tabriz;Täbris;;Tabriz;;;;;;;;;x
PER_1122;Luristan;Luristan;Luristan;;Luristán;;;;;;;;;x
AFG_1214;Western Afghanistan;Western Afghanistan;West-Afghanistan;;Afganistán Oriental;;;;;;;;;x
AFG_1217;Eastern Afghanistan;Eastern Afghanistan;Ost-Afghanistan;;Afganistán Occidental;;;;;;;;;x
RUS_1196;Turkmenia;Turkmenia;Turkmenistan;;Turkmenia;;;;;;;;;x
KHI_1191;Uzbekia;Uzbekia;Uzbekia;;Uzbekia;;;;;;;;;x
BUK_1207;Tajikistan;Tajikistan;Tadschikistan;;Tayikistán;;;;;;;;;x
KOK_1190;Kirghizia;Kirghizia;Kirghizia;;Kirguisia;;;;;;;;;x
RUS_1182;Uralsk;Uralsk;Oral;;Uralsk;;;;;;;;;x
RUS_1184;Akmolinsk;Akmolinsk;Akmolinsk;;Akmolinsk;;;;;;;;;x
RUS_1185;Semireche;Semireche;Siebenstromland;;Semireche;;;;;;;;;x
CHI_1532;Inner Mongolia;Inner Mongolia;Innere Mongolei;;Mongolia Interior;;;;;;;;;x
CHI_1578;Sichuan;Sichuan;Sichuan;;Sichuan;;;;;;;;;x
CHI_1581;Chongqing;Chongqing;Chongqing;;Chongqing;;;;;;;;;x
CHI_1494;Shaozhou;Shaozhou;Shaozhou;;Shaozhou;;;;;;;;;x
CHI_1550;Jiangxi;Jiangxi;Jiangxi;;Jiangxi;;;;;;;;;x
CHI_1487;Fujian;Fujian;Fujian;;Fujian;;;;;;;;;x
CHI_1611;Zhejiang;Zhejiang;Zhejiang;;Zhejiang;;;;;;;;;x
CHI_1473;Southern Anhui;Southern Anhui;Süd-Anhui;;Anhui Meridional;;;;;;;;;x
CHI_1516;Eastern Hubei;Eastern Hubei;Ost-Hubei;;Hubei Oriental;;;;;;;;;x
CHI_1523;Western Hubei;Western Hubei;West-Hubei;;Hubei Occidental;;;;;;;;;x
CHI_1513;Henan;Henan;Henan;;Henan;;;;;;;;;x
CHI_1472;Northern Anhui;Northern Anhui;Nord-Anhui;;Anhui Septentrional;;;;;;;;;x
CHI_1476;Jiangsu;Jiangsu;Jiangsu;;Jiangsu;;;;;;;;;x
CHI_1539;Suzhou;Suzhou;Suzhou;;Suzhou;;;;;;;;;x
CHI_1563;Shandong;Shandong;Shandong;;Shandong;;;;;;;;;x
CHI_1614;Southern Zhili;Southern Zhili;Süd-Zhili;;Zhili Meridional;;;;;;;;;x
CHI_1618;Northern Zhili;Northern Zhili;Nord-Zhili;;Zhili Septentrional;;;;;;;;;x
CHI_1553;Manchuria;Manchuria;Mandschurei;;Manchuria;;;;;;;;;x
CHI_1082;Outer Manchuria;Outer Manchuria;Äußere Mandschurei;;Manchuria Exterior;;;;;;;;;x
CHI_1086;Sakhalin;Sakhalin;Sachalin;;Sajalín;;;;;;;;;x
KOR_1624;Seoul;Seoul;Seoul;;Seúl;;;;;;;;;x
KOR_1635;Busan;Busan;Busan;;Busan;;;;;;;;;x
KOR_1627;Sariwon;Sariwon;Sariwon;;Sariwon;;;;;;;;;x
KOR_1619;Pyongyang;Pyongyang;Pjöngjang;;Pyongyang;;;;;;;;;x
JAP_1660;Kyushu;Kyushu;Kyushu;;Kyushu;;;;;;;;;x
JAP_1640;Chugoku-Shikoku;Chugoku-Shikoku;Chugoku-Shikoku;;Chugoku-Shikoku;;;;;;;;;x
JAP_1655;Kansai;Kansai;Kansai;;Kansai;;;;;;;;;x
JAP_1675;Chubu;Chubu;Chubu;;Chubu;;;;;;;;;x
JAP_1649;Kanto;Kanto;Kanto;;Kanto;;;;;;;;;x
JAP_1654;Bonin Islands;Bonin Islands;Bonininseln;;Islas Bonin;;;;;;;;;x
JAP_1672;Tohoku;Tohoku;Tohoku;;Tohoku;;;;;;;;;x
JAP_1088;Hokkaido;Hokkaido;Hokkaido;;Hokkaido;;;;;;;;;x
RUS_2685;Ural;Ural;Ural;;Ural;;;;;;;;;x
RUS_1065;Ob;Ob;Ob;;Ob;;;;;;;;;x
RUS_1064;Tobolsk;Tobolsk;Tobolsk;;Tobolsk;;;;;;;;;x
RUS_1469;Tomsk;Tomsk;Tomsk;;Tomsk;;;;;;;;;x
RUS_2615;Lower Yeniseysk;Lower Yeniseysk;Unter-Jenisseisk;;Bajo Yeniseysk;;;;;;;;;x
RUS_1070;Upper Yeniseysk;Upper Yeniseysk;Ober-Jenisseisk;;Alto Yeniseysk;;;;;;;;;x
RUS_1075;Irkutsk;Irkutsk;Irkutsk;;Irkutsk;;;;;;;;;x
RUS_1079;Trans-Baikal;Trans-Baikal;Transbaikal;;Trans-Baikal;;;;;;;;;x
RUS_2694;Middle Siberia;Middle Siberia;Mittel-Sibirien;;Siberia Meridional;;;;;;;;;x
RUS_1069;West Yakutsk;West Yakutsk;West Yakutsk;;Yakutsk Oriental;;;;;;;;;x
RUS_2653;North Siberia;North Siberia;Nord-Sibirien;;Siberia Septentrional;;;;;;;;;x
RUS_1071;Yakutsk;Yakutsk;Yakutsk;;Yakutsk;;;;;;;;;x
RUS_1072;Okhotsk;Okhotsk;Okhotsk;;Okhotsk;;;;;;;;;x
RUS_2668;North Yakutsk;North Yakutsk;Nord-Yakutsk;;Yakutsk Septentrional;;;;;;;;;x
RUS_2618;Upper Okhotsk;Upper Okhotsk;Ober-Okhotsk;;Alto Okhotsk;;;;;;;;;x
RUS_2621;Inner Chukotka;Yakutsk;Yakutsk;;Chukotka Interior;;;;;;;;;x
RUS_1074;Kamchatka;Kamchatka;Kamtschatka;;Kamchatka;;;;;;;;;x
RUS_2590;Coastal Chukotka;Coastal Chukotka;Küste von Tschuktschen;;Chukotka Costera;;;;;;;;;x
TUR_885;Kars;Kars;Kars;;Kars;;;;;;;;;x
TUR_884;Trabzon;Trabzon;Trabzon;;Trebisonda;;;;;;;;;x
TUR_889;Diyarbakir-Van;Diyarbakir-Van;Diyarbakir-Van;;Diyarbakir-Van;;;;;;;;;x
TUR_876;Ankara and Adana;Ankara and Adana;Ankara und Adana;;Ankara y Adana;;;;;;;;;x
TUR_873;Konya;Konya;Konya;;Konya;;;;;;;;;x
TUR_881;Kastamonu;Kastamonu;Kastamonu;;Kastamonu;;;;;;;;;x
TUR_869;Aydin;Aydin;Aydin;;Aydin;;;;;;;;;x
TUR_863;Hudavendigar;Hudavendigar;Hüdavendigar;;Hudavendigar;;;;;;;;;x
TUR_923;Mosul;Mosul;Mosul;;Mosul;;;;;;;;;x
TUR_931;Baghdad;Baghdad;Baghdad;;Bagdad;;;;;;;;;x
TUR_935;Basra;Basra;Basra;;Basora;;;;;;;;;x
EGY_897;Aleppo;Aleppo;Aleppo;;Aleppo;;;;;;;;;x
EGY_910;Transjordan;Transjordan;Transjordanien;;Transjordania;;;;;;;;;x
EGY_903;Syria;Syria;Syrien;;Siria;;;;;;;;;x
NEJ_1156;Hail;Hail;Ha'il;;Hail;;;;;;;;;x
NEJ_1157;Nejd;Nejd;Nadschd;;Nejd;;;;;;;;;x
EGY_1746;Sinai;Sinai;Sinai;;Sinaí;;;;;;;;;x
EGY_1750;Lower Egypt;Basse Égypte;Unter-Ägypten;;Bajo Egipto;;;;;;;;;x
EGY_1762;Middle Egypt;Égypte Moyenne;Mittel-Ägypten;;Egipto Medio;;;;;;;;;x
EGY_1771;Upper Egypt;Basse Égypte;Unter-Ägypten;;Alto Egipto;;;;;;;;;x
EGY_1753;Matruh;Matruh;Matruh;;Matruh;;;;;;;;;x
EGY_1758;Egyptian Desert;Egyptian Desert;Ägyptische Wüste;;Desierto Egipcio;;;;;;;;;x
EGY_1834;Dongola;Dongolah;Dunqula;;Dongola;;;;;;;;;x
EGY_1827;Sudan;Soudan;Sudan;;Sudán;;;;;;;;;x
ENG_1843;Equatoria; Region Équateur;Äquatoria;;Ecuatoria;;;;;;;;;x
ENG_1848;Eritrea;L'Érythrée;Eritrea;;Eritrea;;;;;;;;;x
ETH_1854;Gonder-Tigray;Gonder-Tigray;Gonder-Tigray;;Gonder-Tigray;;;;;;;;;x
ETH_1864;Amhara;Amhara;Amhara;;Amhara;;;;;;;;;x
ETH_1867;Oromia;Oromia;Oromia;;Oromia;;;;;;;;;x
ALD_1708;Constantine;Constantine;Constantine;;Constantino;;;;;;;;;x
FRA_1700;Algiers;Alger;Algier;;Argel;;;;;;;;;x
ALD_1704;Tlemcen;Tlemcen;Tlemcen;;Tlemcen;;;;;;;;;x
MOR_1688;al Rif;al Rif;Al Rif;;al Rif;;;;;;;;;x
MOR_1686;Fez;Fez;Fès;;Fez;;;;;;;;;x
MOR_1693;Morocco;Maroc;Marokko;;Marruecos;;;;;;;;;x
FRA_1803;Timbuktu;Timbuktu;Timbuktu;;Tombuctú;;;;;;;;;x
FRA_1798;Eastern Mali;Mali orientale;Ost-Mali;;Malí Oriental;;;;;;;;;x
FRA_1801;Western Mali;Mali ouest;West-Mali;;Malí Occidental;;;;;;;;;x
FRA_1901;Volta;Volta;Volta;;Volta;;;;;;;;;x
FRA_1808;Outer Hausaland;Outer Hausaland;Äußeres Hausaland;;Hausalandia Exterior;;;;;;;;;x
FRA_1923;Yoruba States;Yoruba States;Yoruba-Staaten;;Estados de Yoruba;;;;;;;;;x
FRA_1927;Hausaland;Hausaland;Hausaland;;Hausalandia;;;;;;;;;x
FRA_1939;East Hausaland;East Hausaland;Ost-Hausaland;;Hausalandia Occidental;;;;;;;;;x
FRA_1930;Benin;Benin;Benin;;Benín;;;;;;;;;x
FRA_1931;Niger Delta;Niger Delta;Niger-Delta;;Delta del Níger;;;;;;;;;x
FRA_1937;Nigeria;Nigeria;Nigeria;;Nigeria;;;;;;;;;x
FRA_1816;Bornu;Bornou;Bornu;;Bornu;;;;;;;;;x
ENG_1825;Chad;Tchad;Tschad;;Chad;;;;;;;;;x
ENG_1818;Waddai;Ouaddai;Waddai;;Waddai;;;;;;;;;x
FRA_1965;Ubangi-Shari;Oubangi-Chari;Ubangi-Schari;;Ubangi-Shari;;;;;;;;;x
ENG_2029;Zanzibar;Zanzibar;Sansibar;;Zanzibar;;;;;;;;;x
ENG_2034;Tanganyika;Tanzanie;Tanganjika;;Tanganyika;;;;;;;;;x
ENG_2039;Lindi;Lindi;Lindi;;Lindi;;;;;;;;;x
ENG_2016;Kazembe;Kazembe;Kazembe;;Kazembe;;;;;;;;;x
POR_2053;Zambezia;Zambezia;Zambezia;;Zambezia;;;;;;;;;x
POR_2049;Lourenço Marques;Lourenço Marques;Lourenço Marques;;Lourenço Marques;;;;;;;;;x
ZUL_2113;Natal-Zululand;Natal-Zululand;Natal-Zululand;;KwaZulu-Natal;;;;;;;;;x
ENG_2078;Hereroland;Hereroland;Hereroland;;Hererolandia;;;;;;;;;x
ENG_2132;South Atlantic Islands;South Atlantic Islands;Südatlantische Inseln;;Islas del Atlántico Sur;;;;;;;;;x
ENG_2125;Indian Ocean Territory;Territoire de l'océan Indien;Territorium im Indischen Ozean;;Territorio del Océano Índico;;;;;;;;;x
MAD_2117;South Madagascar;Sud de Madagascar;Süd-Madagaskar;;Madagascar Meridional;;;;;;;;;x
MAD_2121;North Madagascar;Du Nord de Madagascar;Nord-Madagaskar;;Madagascar Septentrional;;;;;;;;;x
sioux_nation_title;Sioux Nation;Nation Sioux;Sioux-Nation;;Nación Sioux;;;;;;;;;x
sioux_nation_name;Sioux Nation;Nation Sioux;Sioux-Nation;;Nación Sioux;;;;;;;;;x
sioux_nation_desc;The Sioux Nation rises to defend theIr allíncestral lands from the encroachment of American settlers and soldiers. They are angered by broken promises from Washington, and will fight fiercely to halt the colonization of the West.;;Die Sioux-Nation erhebt sich und verteidigt das Land ihrer Vorfahren gegen das Vordringen der amerikanischen Siedler und Soldaten. Die gebrochenen Versprechen Washingtons befeuern ihren Zorn und sie werden entschlossen kämpfen, um die Kolonisation des Westens aufzuhalten.;;La Nación Sioux levanta para defender sus tierras ancestrales de la invasión de colonos y soldados. Están enojados por las promesas incumplidas de Washington, y lucharán ferozmente para detener la colonización del Oeste.;;;;;;;;;x
sioux_nation_army;Sioux War Party;Groupe de guerriers Sioux;Sioux-Kriegspartei;;Partido de Guerra Sioux;;;;;;;;;x
apache_title;Apache;Apache;Apache;;Apache;;;;;;;;;x
apache_name;Apache;Apache;Apache;;Apache;;;;;;;;;x
apache_desc;The Apache rise to defend theIr allíncestral lands from the encroachment of American settlers and soldiers. They are angered by broken promises from Washington, and will fight fiercely to halt the colonization of the West.;;Die Apachen erheben sich und verteidigen das Land ihrer Vorfahren gegen das Vordringen der amerikanischen Siedler und Soldaten. Die gebrochenen Versprechen Washingtons befeuern ihren Zorn und sie werden entschlossen kämpfen, um die Kolonisation des Westens aufzuhalten.;;El levantamiento Apache para defender sus tierras ancestrales de la invasión de colonos y soldados. Están enojados por las promesas incumplidas de Washington, y lucharán ferozmente para detener la colonización del Oeste.;;;;;;;;;x
apache_army;Apache War Party;Expédition guerrière Apache;Apache-Kriegspartei;;Expedición de Guerra Apache;;;;;;;;;x
EVTNAME160001;The Taiping Rebellion;;Die Taiping-Rebellion;;La Rebelión Taiping;;;;;;;;;x
EVTDESC160001;A great rebellion has sundered all under Heaven!;;Eine große Rebellion hat alle unter den Weiten des Himmels aufgespalten.;;¡Una gran rebelión ha destrozado todo bajo el Cielo!;;;;;;;;;x
EVTOPTA160001;Crush them!;;Vernichtet sie!;;¡Aplástenlos!;;;;;;;;;x
EVTOPTB160001;Out with the Manchu!;;Weg mit den Manchu!;;¡Fuera lo Manchu!;;;;;;;;;x
EVTNAME160502;Anti-Manchu feeling;;Anti-Manchu Bewegung;;Sentimiento Anti-Manchu;;;;;;;;;x
EVTDESC160502;Emperor, our officials have detected growing levels of discontent and even hostility towards our Dynasty. This feeling is enflamed by the humiliating presence of the foreign devils in our cities and harbors. How shall we respond?;;Herrscher, die Offiziellen berichten von einer wachsenden Welle des Unfriedens und sogar der Feindschaft gegen unsere Dynastie. Dieses Gefühl wird noch verstärkt durch die Anwesenheit der fremden Teufel in unseren Städten und Häfen. Wie sollen wir darauf reagieren?;;Emperador, nuestros funcionarios han detectado niveles crecientes de descontento e incluso hostilidad hacia nuestra dinastía. Este sentimiento crecio por la presencia humillante de los demonios extranjeros en nuestras ciudades y puertos. ¿Cómo debemos responder?;;;;;;;;;x
EVTOPTA160502;A show of force should deal with this.;;Eine Demonstration unserer Macht sollte helfen.;;Una demostración de fuerza debe hacer frente a esto.;;;;;;;;;x
EVTOPTB160502;Do not waste my time with this nonsense!;;Verschwendet meine Zeit nicht mit diesem Unfug!;;¡No me hagas perder el tiempo con estas tonterías!;;;;;;;;;x
EVTNAME90902;The Breakup of China;;Der Zerfall Chinas;;La desintegración de China;;;;;;;;;x
EVTDESC90902;China has fractured.;;China bricht auseinander.;;China se ha fracturado.;;;;;;;;;x
EVTOPTA90902;Freedom!;;Freiheit!;;¡Libertad!;;;;;;;;;x
EVTNAME90040;The Sepoy Rebellion;;Der Sepoyaufstand;;La rebelión de los cipayos;;;;;;;;;x
EVTDESC90040;India has risen in rebellion!;;Indien erhebt sich in Rebellion!;;¡India a levantado en rebelión!;;;;;;;;;x
EVTOPTA90040;This could mean trouble.;;Das bedeutet Ärger.;;Esto podría significar un problema.;;;;;;;;;x
CRISIS_DESCRIPTION_LIBERATION;Crisis over the liberation of $COUNTRY$.;;Konflikt um die Befreiung von $COUNTRY$.;;Crisis por la liberación de $COUNTRY$.;;;;;;;;;x
CRISIS_DESCRIPTION_RECLAIM;Crisis over the return of $COUNTRY$'s rightful territories.;;Konflikt um die Rückgewinnung rechtmäßiger Gebiete von $COUNTRY$.;;Crisis por la devolución de los territorios legítimos de $COUNTRY$.;;;;;;;;;x
CRISIS_ALREADY_TAKEN_SIDE;Already chosen a side;;Bereits eine Seite gewählt;;Ya ha elegido un bando;;;;;;;;;x
CRISIS_WAITING_ON_BACKER;Waiting on Great Power Backer;;Wartet auf die Unterstützung der Großmacht;;Esperando el respaldo de una Gran Potencia;;;;;;;;;x
MUST_BE_CRISIS_SIDE_LEADER;Must be leader of a side in the crisis;;Muss ein Anführer einer Seite in dem Konflikt sein;;Debe ser el líder de un bando en la crisis;;;;;;;;;x
CRISIS_ALREADY_TAKEN_SIDE;Already taken side;;Bereits auf eine Seite geschlagen;;Ya ha elegido un bando;;;;;;;;;x
CRISIS_OFFERTITLE;Make Offer;;Macht ein Angebot;;Hacer una oferta;;;;;;;;;x
CRISIS_OFFER_OFFER;$ACTOR$ offer §Y$WARGOAL$§! to join their side in the current crisis.;;$ACTOR$ bietet §Y$WARGOAL$§!, um sich ihrer Seite in dem momentanen Konflikt anzuschließen.;;$ACTOR$ oferce §Y$WARGOAL$§! para unirse a su bando en la crisis actual.;;;;;;;;;x
CRISIS_OFFER_WE_ACCEPT_SETUP;When we accept joining a side of a crisis;;Wenn wir zustimmen, uns in einem Konflikt einer Seite anzuschließen;;Cuando aceptamos a unirnos a un bando de una crisis;;;;;;;;;x
CRISIS_OFFER_WE_ACCEPT_HEADER;The Foreign Minister reports;Le ministre des Affaires étrangères indique :;Der Außenminister berichtet;;El Ministro de Relaciones Exteriores nos informa;;;;;;;;;x
CRISIS_OFFER_WE_ACCEPT_1;$MONARCHTITLE$;$MONARCHTITLE$;$MONARCHTITLE$;;$MONARCHTITLE$;;;;;;;;;x
CRISIS_OFFER_WE_ACCEPT_2;We have joined $ACTOR$ in the current crisis with the following offer:;;Wir haben uns $ACTOR$ im aktuellen Konflikt mit folgendem Angebot angeschlossen:;;Nos hemos unido a $ACTOR$ en la crisis actual con la siguiente oferta:;;;;;;;;;x
CRISIS_OFFER_WE_ACCEPT_3;$WARGOAL$;§Y$WARGOAL$§W;$WARGOAL$;;$WARGOAL$;;;;;;;;;x
CRISIS_OFFER_WE_ACCEPT_4;*;*;*;*;*;;;;;;;;;x
CRISIS_OFFER_WE_ACCEPT_5;*;*;*;*;*;;;;;;;;;x
CRISIS_OFFER_WE_ACCEPT_6;*;*;*;*;*;;;;;;;;;x
CRISIS_OFFER_WE_ACCEPT_BTN1;OK;D'accord;OK;OK;Aceptar;;;;;;;;;x
CRISIS_OFFER_WE_ACCEPT_BTN2;OK;D'accord;OK;OK;Aceptar;;;;;;;;;x
CRISIS_OFFER_WE_ACCEPT_BTN3;Go to;Voir;Geht zu;IdŸ do;Ir allí;;;;;;;;;x
CRISIS_OFFER_WE_ACCEPT_LOG;We joined the current crisis;;Wir sind dem aktuellen Konflikt beigetreten;;Nos hemos unido a la crisis actual;;;;;;;;;x
CRISIS_OFFER_THEY_ACCEPT_SETUP;When someone accepts joining our side in a crisis;;Wenn jemand zustimmt, unsere Seite in einem Konflikt zu unterstützen;;Cuando alguien acepta formar parte de nuestro bando en una crisis;;;;;;;;;x
CRISIS_OFFER_THEY_ACCEPT_HEADER;The Foreign Minister reports;Le ministre des Affaires étrangères indique :;Der Außenminister berichtet;;Ministro de Relaciones Exteriores nos informa;;;;;;;;;x
CRISIS_OFFER_THEY_ACCEPT_1;$MONARCHTITLE$;$MONARCHTITLE$;$MONARCHTITLE$;;$MONARCHTITLE$;;;;;;;;;x
CRISIS_OFFER_THEY_ACCEPT_2;We have joined $RECIPIENT$ in the current crisis with the following offer:;;Wir haben uns $RECIPIENT$ im aktuellen Konflikt mit folgendem Angebot angeschlossen:;;Nos hemos unido a $RECIPIENT$ en la crisis actual con la siguiente oferta:;;;;;;;;;x
CRISIS_OFFER_THEY_ACCEPT_3;$WARGOAL$;§Y$WARGOAL$§W;$WARGOAL$;;$WARGOAL$;;;;;;;;;x
CRISIS_OFFER_THEY_ACCEPT_4;*;*;*;*;*;;;;;;;;;x
CRISIS_OFFER_THEY_ACCEPT_5;*;*;*;*;*;;;;;;;;;x
CRISIS_OFFER_THEY_ACCEPT_6;*;*;*;*;*;;;;;;;;;x
CRISIS_OFFER_THEY_ACCEPT_BTN1;OK;D'accord;OK;OK;Aceptar;;;;;;;;;x
CRISIS_OFFER_THEY_ACCEPT_BTN2;OK;D'accord;OK;OK;Aceptar;;;;;;;;;x
CRISIS_OFFER_THEY_ACCEPT_BTN3;Go to;Voir;Geht zu;IdŸ do;Ir allí;;;;;;;;;x
CRISIS_OFFER_THEY_ACCEPT_LOG;$RECIPIENT$ joined us in the current crisis.;;$RECIPIENT$ unterstützt uns im aktuellen Konflikt.;;$RECIPIENT$ se unió a nosotros en la crisis actual.;;;;;;;;;x
CRISIS_OFFER_OTHER_ACCEPT_SETUP;When someone joins the side of a crisis;;Wenn jemand die im Konflikt befindliche Seite unterstützt;;Cuando alguien se une al bando de una crisis;;;;;;;;;x
CRISIS_OFFER_OTHER_ACCEPT_HEADER;The Foreign Minister reports;Le ministre des Affaires étrangères indique :;Der Außenminister berichtet;;Ministro de Relaciones Exteriores nos informa;;;;;;;;;x
CRISIS_OFFER_OTHER_ACCEPT_1;$MONARCHTITLE$;$MONARCHTITLE$;$MONARCHTITLE$;;$MONARCHTITLE$;;;;;;;;;x
CRISIS_OFFER_OTHER_ACCEPT_2;Trouble is brewing;;Ungemach droht;;Se avecinan problemas;;;;;;;;;x
CRISIS_OFFER_OTHER_ACCEPT_3;It seems that $RECIPIENT$;;Es scheint, dass $RECIPIENT$;;Parece que $RECIPIENT$;;;;;;;;;x
CRISIS_OFFER_OTHER_ACCEPT_4;has decided to join the current crisis;;sich dazu entschlossen hat, dem aktuellen Konflikt;;ha decidido unirse a la crisis actual;;;;;;;;;x
CRISIS_OFFER_OTHER_ACCEPT_5;on the side of $ACTOR$;;auf der Seite von $ACTOR$ anzuschließen;;en el bando de $ACTOR$;;;;;;;;;x
CRISIS_OFFER_OTHER_ACCEPT_6;*;*;*;*;*;;;;;;;;;x
CRISIS_OFFER_OTHER_ACCEPT_BTN1;OK;D'accord;OK;OK;Aceptar;;;;;;;;;x
CRISIS_OFFER_OTHER_ACCEPT_BTN2;OK;D'accord;OK;OK;Aceptar;;;;;;;;;x
CRISIS_OFFER_OTHER_ACCEPT_BTN3;Go to;Voir;Geht zu;IdŸ do;Ir allí;;;;;;;;;x
CRISIS_OFFER_OTHER_ACCEPT_LOG;$RECIPIENT$ joined in the current crisis.;;$RECIPIENT$ schließt sich dem aktuellen Konflikt an.;;$RECIPIENT$ a entrado en la crisis actual.;;;;;;;;;x
CRISIS_OFFER_WE_DECLINE_SETUP;When we decline to join a side in a crisis;;Wenn wir es ablehnen, uns in diesem Konflikt einer Seite anzuschließen;;Cuando nos negamos a participar en un bando en una crisis;;;;;;;;;x
CRISIS_OFFER_WE_DECLINE_HEADER;The Foreign Minister reports;Le ministre des Affaires étrangères indique :;Der Außenminister berichtet;;Ministro de Relaciones Exteriores nos informa;;;;;;;;;x
CRISIS_OFFER_WE_DECLINE_1;$MONARCHTITLE$;$MONARCHTITLE$;$MONARCHTITLE$;;$MONARCHTITLE$;;;;;;;;;x
CRISIS_OFFER_WE_DECLINE_2;We have declined to join $ACTOR$ in the current crisis;;Wir haben es abgelehnt, $ACTOR$ im aktuellen Konflikt zu unterstützen;;Nos hemos negado a unirnos a $ACTOR$ en la crisis actual;;;;;;;;;x
CRISIS_OFFER_WE_DECLINE_3;*;*;*;*;*;;;;;;;;;x
CRISIS_OFFER_WE_DECLINE_4;*;*;*;*;*;;;;;;;;;x
CRISIS_OFFER_WE_DECLINE_5;*;*;*;*;*;;;;;;;;;x
CRISIS_OFFER_WE_DECLINE_6;*;*;*;*;*;;;;;;;;;x
CRISIS_OFFER_WE_DECLINE_BTN1;OK;D'accord;OK;OK;Aceptar;;;;;;;;;x
CRISIS_OFFER_WE_DECLINE_BTN2;OK;D'accord;OK;OK;Aceptar;;;;;;;;;x
CRISIS_OFFER_WE_DECLINE_BTN3;Go to;Voir;Geht zu;IdŸ do;Ir allí;;;;;;;;;x
CRISIS_OFFER_WE_DECLINE_LOG;We declined to join the current crisis;;Wir haben es abgelehnt, uns dem aktuellen Konflikt anzuschließen;;Nos negamos a unirnos a la crisis actual;;;;;;;;;x
CRISIS_OFFER_THEY_DECLINE_SETUP;When someone declines to join our side in a crisis;;Wenn es jemand ablehnt, unsere Seite in einem Konflikt zu unterstützen;;Cuando alguien se niega a unirse a nuestro bando en una crisis;;;;;;;;;x
CRISIS_OFFER_THEY_DECLINE_HEADER;The Foreign Minister reports;Le ministre des Affaires étrangères indique :;Der Außenminister berichtet;;Ministro de Relaciones Exteriores nos informa;;;;;;;;;x
CRISIS_OFFER_THEY_DECLINE_1;$MONARCHTITLE$;$MONARCHTITLE$;$MONARCHTITLE$;;$MONARCHTITLE$;;;;;;;;;x
CRISIS_OFFER_THEY_DECLINE_2;$RECIPIENT$ declined to join talks over the current crisis.;;$RECIPIENT$ hat den Beitritt zu Gesprächen über den aktuellen Konflikt abgelehnt.;;$RECIPIENT$ se negó a unirse a las conversaciones sobre la crisis actual.;;;;;;;;;x
CRISIS_OFFER_THEY_DECLINE_3;*;*;*;*;*;;;;;;;;;x
CRISIS_OFFER_THEY_DECLINE_4;*;*;*;*;*;;;;;;;;;x
CRISIS_OFFER_THEY_DECLINE_5;*;*;*;*;*;;;;;;;;;x
CRISIS_OFFER_THEY_DECLINE_6;*;*;*;*;*;;;;;;;;;x
CRISIS_OFFER_THEY_DECLINE_BTN1;OK;D'accord;OK;OK;Aceptar;;;;;;;;;x
CRISIS_OFFER_THEY_DECLINE_BTN2;OK;D'accord;OK;OK;Aceptar;;;;;;;;;x
CRISIS_OFFER_THEY_DECLINE_BTN3;Go to;Voir;Geht zu;IdŸ do;Ir allí;;;;;;;;;x
CRISIS_OFFER_THEY_DECLINE_LOG;$RECIPIENT$ declined to join the current crisis.;;$RECIPIENT$ hat es abgelehnt, sich dem aktuellen Konflikt anzuschließen.;;$RECIPIENT$ se negó a unirse a la crisis actual.;;;;;;;;;x
CRISIS_OFFER_OTHER_DECLINE_SETUP;When someone declines the side of a crisis;;Wenn es jemand ablehnt, die in einem Konflikt befindliche Seite zu wählen;;Cuando alguien rechaza el bando de una crisis;;;;;;;;;x
CRISIS_OFFER_OTHER_DECLINE_HEADER;The Foreign Minister reports;Le ministre des Affaires étrangères indique :;Der Außenminister berichtet;;Ministro de Relaciones Exteriores nos informa;;;;;;;;;x
CRISIS_OFFER_OTHER_DECLINE_1;$MONARCHTITLE$;$MONARCHTITLE$;$MONARCHTITLE$;;$MONARCHTITLE$;;;;;;;;;x
CRISIS_OFFER_OTHER_DECLINE_2;Things don't seem to be escalating yet.;;Die Dinge scheinen noch nicht außer Kontrolle zu sein.;;Las cosas no parecen estar fuera de control.;;;;;;;;;x
CRISIS_OFFER_OTHER_DECLINE_3;It seems that $RECIPIENT$;;Es scheint, dass $RECIPIENT$;;Parece que $RECIPIENT$;;;;;;;;;x
CRISIS_OFFER_OTHER_DECLINE_4;has declined to join the current crisis;;es abgelehnt hat, sich dem aktuellen Konflikt;;se ha negado a unirse a la crisis actual;;;;;;;;;x
CRISIS_OFFER_OTHER_DECLINE_5;on the side of $ACTOR$;;auf der Seite von $ACTOR$ anzuschließen;;en el bando de $ACTOR$;;;;;;;;;x
CRISIS_OFFER_OTHER_DECLINE_6;*;*;*;*;*;;;;;;;;;x
CRISIS_OFFER_OTHER_DECLINE_BTN1;OK;D'accord;OK;OK;Aceptar;;;;;;;;;x
CRISIS_OFFER_OTHER_DECLINE_BTN2;OK;D'accord;OK;OK;Aceptar;;;;;;;;;x
CRISIS_OFFER_OTHER_DECLINE_BTN3;Go to;Voir;Geht zu;IdŸ do;Ir allí;;;;;;;;;x
CRISIS_OFFER_OTHER_DECLINE_LOG;$RECIPIENT$ declined to join the current crisis.;;$RECIPIENT$ hat es abgelehnt, sich dem aktuellen Konflikt anzuschließen.;;$RECIPIENT$ se negó a unirse a la crisis actual.;;;;;;;;;x
BACK_CRISISTITLE;Back country in crisis;;Unterstützt das Land im Konflikt;;País respaldado en la crisis;;;;;;;;;x
BACK_CRISIS_OFFER;$ACTOR$ ask us to back their side in the current crisis.;;$ACTOR$ bittet uns, ihre Seite im aktuellen Konflikt zu unterstützen.;;$ACTOR$ nos invita a respaldar a su bando en la crisis actual.;;;;;;;;;x
BACK_CRISIS_WE_ACCEPT_SETUP;When we accept backing a side of a crisis;;Wenn wir zustimmen, eine Seite im Konflikt zu unterstützen;;Cuando aceptamos respaldar un bando de una crisis;;;;;;;;;x
BACK_CRISIS_WE_ACCEPT_HEADER;The Foreign Minister reports;Le ministre des Affaires étrangères indique :;Der Außenminister berichtet;;El Ministro de Relaciones Exteriores nos informa;;;;;;;;;x
BACK_CRISIS_WE_ACCEPT_1;$MONARCHTITLE$;$MONARCHTITLE$;$MONARCHTITLE$;;$MONARCHTITLE$;;;;;;;;;x
BACK_CRISIS_WE_ACCEPT_2;We have decided to back $ACTOR$ in the current crisis.;;Wir haben beschlossen, $ACTOR$ in dem aktuellen Konflikt zu unterstützen;;Hemos decidido respaldar a $ACTOR$ en la crisis actual.;;;;;;;;;x
BACK_CRISIS_WE_ACCEPT_3;*;*;*;*;*;;;;;;;;;x
BACK_CRISIS_WE_ACCEPT_4;*;*;*;*;*;;;;;;;;;x
BACK_CRISIS_WE_ACCEPT_5;*;*;*;*;*;;;;;;;;;x
BACK_CRISIS_WE_ACCEPT_6;*;*;*;*;*;;;;;;;;;x
BACK_CRISIS_WE_ACCEPT_BTN1;OK;D'accord;OK;OK;Aceptar;;;;;;;;;x
BACK_CRISIS_WE_ACCEPT_BTN2;OK;D'accord;OK;OK;Aceptar;;;;;;;;;x
BACK_CRISIS_WE_ACCEPT_BTN3;Go to;Voir;Geht zu;IdŸ do;Ir allí;;;;;;;;;x
BACK_CRISIS_WE_ACCEPT_LOG;We backed a side in the current crisis;;Wir haben eine Seite im aktuellen Konflikt unterstützt;;Hemos respaldado a un bando en la crisis actual;;;;;;;;;x
BACK_CRISIS_THEY_ACCEPT_SETUP;When someone accepts backing our side in a crisis;;Wenn jemand zustimmt, unsere Seite in einem Konflikt zu unterstützen;;Cuando alguien acepta respaldar nuestro bando en una crisis;;;;;;;;;x
BACK_CRISIS_THEY_ACCEPT_HEADER;The Foreign Minister reports;Le ministre des Affaires étrangères indique :;Der Außenminister berichtet;;Ministro de Relaciones Exteriores nos informa;;;;;;;;;x
BACK_CRISIS_THEY_ACCEPT_1;$MONARCHTITLE$;$MONARCHTITLE$;$MONARCHTITLE$;;$MONARCHTITLE$;;;;;;;;;x
BACK_CRISIS_THEY_ACCEPT_2;$RECIPIENT$ has decided to back us in the current crisis.;;$RECIPIENT$ hat beschlossen, uns im aktuellen Konflikt zu unterstützen.;;$RECIPIENT$ ha decidido respaldarnos en la crisis actual.;;;;;;;;;x
BACK_CRISIS_THEY_ACCEPT_3;*;*;*;*;*;;;;;;;;;x
BACK_CRISIS_THEY_ACCEPT_4;*;*;*;*;*;;;;;;;;;x
BACK_CRISIS_THEY_ACCEPT_5;*;*;*;*;*;;;;;;;;;x
BACK_CRISIS_THEY_ACCEPT_6;*;*;*;*;*;;;;;;;;;x
BACK_CRISIS_THEY_ACCEPT_BTN1;OK;D'accord;OK;OK;Aceptar;;;;;;;;;x
BACK_CRISIS_THEY_ACCEPT_BTN2;OK;D'accord;OK;OK;Aceptar;;;;;;;;;x
BACK_CRISIS_THEY_ACCEPT_BTN3;Go to;Voir;Geht zu;IdŸ do;Ir allí;;;;;;;;;x
BACK_CRISIS_THEY_ACCEPT_LOG;$RECIPIENT$ backed us in the current crisis.;;$RECIPIENT$ hat uns im aktuellen Konflikt unterstützt.;;$RECIPIENT$ es respaldado en la crisis actual.;;;;;;;;;x
BACK_CRISIS_OTHER_ACCEPT_SETUP;When someone backs the other side of a crisis;;Wenn jemand die andere Seite in einem Konflikt unterstützt;;Cuando alguien respalda el bando contrario de una crisis;;;;;;;;;x
BACK_CRISIS_OTHER_ACCEPT_HEADER;The Foreign Minister reports;Le ministre des Affaires étrangères indique :;Der Außenminister berichtet;;Ministro de Relaciones Exteriores nos informa;;;;;;;;;x
BACK_CRISIS_OTHER_ACCEPT_1;$MONARCHTITLE$;$MONARCHTITLE$;$MONARCHTITLE$;;$MONARCHTITLE$;;;;;;;;;x
BACK_CRISIS_OTHER_ACCEPT_2;Trouble is brewing;;Ungemach droht;;Se avecinan problemas;;;;;;;;;x
BACK_CRISIS_OTHER_ACCEPT_3;It seems that $RECIPIENT$;;Es scheint, dass $RECIPIENT$;;Parece que $RECIPIENT$;;;;;;;;;x
BACK_CRISIS_OTHER_ACCEPT_4;has decided to back $ACTOR$ in the current crisis;;sich dazu entschlossen hat, $ACTOR$ im aktuellen Konflikt zu unterstützen;;ha decidido respaldar a $ACTOR$ en la crisis actual;;;;;;;;;x
BACK_CRISIS_OTHER_ACCEPT_5;*;*;*;*;*;;;;;;;;;x
BACK_CRISIS_OTHER_ACCEPT_6;*;*;*;*;*;;;;;;;;;x
BACK_CRISIS_OTHER_ACCEPT_BTN1;OK;D'accord;OK;OK;Aceptar;;;;;;;;;x
BACK_CRISIS_OTHER_ACCEPT_BTN2;OK;D'accord;OK;OK;Aceptar;;;;;;;;;x
BACK_CRISIS_OTHER_ACCEPT_BTN3;Go to;Voir;Geht zu;IdŸ do;Ir allí;;;;;;;;;x
BACK_CRISIS_OTHER_ACCEPT_LOG;$RECIPIENT$ joined in the current crisis.;;$RECIPIENT$ ist dem aktuellen Konflikt beigetreten.;;$RECIPIENT$ se unió en la crisis actual.;;;;;;;;;x
BACK_CRISIS_WE_DECLINE_SETUP;When we decline backing a side of a crisis;;Wenn wir es ablehnen, eine Seite in einem Konflikt zu unterstützen;;Cuando nos abstenemos de respaldar a un bando en una crisis;;;;;;;;;x
BACK_CRISIS_WE_DECLINE_HEADER;The Foreign Minister reports;Le ministre des Affaires étrangères indique :;Der Außenminister berichtet:;;El Ministro de Relaciones Exteriores nos informa;;;;;;;;;x
BACK_CRISIS_WE_DECLINE_1;$MONARCHTITLE$;$MONARCHTITLE$;$MONARCHTITLE$;;$MONARCHTITLE$;;;;;;;;;x
BACK_CRISIS_WE_DECLINE_2;We have declined to back $ACTOR$ in the current crisis;;Wir haben es abgelehnt, $ACTOR$ im aktuellen Konflikt zu unterstützen;;Nos hemos negado a respaldar a $ACTOR$ en la crisis actual;;;;;;;;;x
BACK_CRISIS_WE_DECLINE_3;*;*;*;*;*;;;;;;;;;x
BACK_CRISIS_WE_DECLINE_4;*;*;*;*;*;;;;;;;;;x
BACK_CRISIS_WE_DECLINE_5;*;*;*;*;*;;;;;;;;;x
BACK_CRISIS_WE_DECLINE_6;*;*;*;*;*;;;;;;;;;x
BACK_CRISIS_WE_DECLINE_BTN1;OK;D'accord;OK;OK;Aceptar;;;;;;;;;x
BACK_CRISIS_WE_DECLINE_BTN2;OK;D'accord;OK;OK;Aceptar;;;;;;;;;x
BACK_CRISIS_WE_DECLINE_BTN3;Go to;Voir;Geht zu;IdŸ do;Ir allí;;;;;;;;;x
BACK_CRISIS_WE_DECLINE_LOG;We declined to join the current crisis;;Wir haben es abgelehnt, dem aktuellen Konflikt beizutreten;;Nos negamos a unirnos a la crisis actual;;;;;;;;;x
BACK_CRISIS_THEY_DECLINE_SETUP;When someone declines backing our side in a crisis;;Wenn es jemand ablehnt, unsere Seite in einem Konflikt zu unterstützen;;Cuando alguien rechaza respaldar nuestro bando en una crisis;;;;;;;;;x
BACK_CRISIS_THEY_DECLINE_HEADER;The Foreign Minister reports;Le ministre des Affaires étrangères indique :;Der Außenminister berichtet;;Ministro de Relaciones Exteriores nos informa;;;;;;;;;x
BACK_CRISIS_THEY_DECLINE_1;$MONARCHTITLE$;$MONARCHTITLE$;$MONARCHTITLE$;;$MONARCHTITLE$;;;;;;;;;x
BACK_CRISIS_THEY_DECLINE_2;$RECIPIENT$ declined to back us in the current crisis.;;$RECIPIENT$ hat es abgelehnt, uns im aktuellen Konflikt zu unterstützen.;;$RECIPIENT$ se negó a respaldarnos en la crisis actual.;;;;;;;;;x
BACK_CRISIS_THEY_DECLINE_3;*;*;*;*;*;;;;;;;;;x
BACK_CRISIS_THEY_DECLINE_4;*;*;*;*;*;;;;;;;;;x
BACK_CRISIS_THEY_DECLINE_5;*;*;*;*;*;;;;;;;;;x
BACK_CRISIS_THEY_DECLINE_6;*;*;*;*;*;;;;;;;;;x
BACK_CRISIS_THEY_DECLINE_BTN1;OK;D'accord;OK;OK;Aceptar;;;;;;;;;x
BACK_CRISIS_THEY_DECLINE_BTN2;OK;D'accord;OK;OK;Aceptar;;;;;;;;;x
BACK_CRISIS_THEY_DECLINE_BTN3;Go to;Voir;Geht zu;IdŸ do;Ir allí;;;;;;;;;x
BACK_CRISIS_THEY_DECLINE_LOG;$RECIPIENT$ declined to back $ACTOR$ in the current crisis.;;$RECIPIENT$ hat es abgelehnt, $ACTOR$ im aktuellen Konflikt zu unterstützen.;;$RECIPIENT$ se negó a respaldar a $ACTOR$ en la crisis actual.;;;;;;;;;x
BACK_CRISIS_OTHER_DECLINE_SETUP;When someone declines the side of a crisis;;Wenn es jemand ablehnt, die im Konflikt befindliche Seite zu unterstützen;;cuando alguien rechaza respaldar a un bando de una crisis;;;;;;;;;x
BACK_CRISIS_OTHER_DECLINE_HEADER;The Foreign Minister reports;Le ministre des Affaires étrangères indique :;Der Außenminister berichtet;;Ministro de Relaciones Exteriores nos informa;;;;;;;;;x
BACK_CRISIS_OTHER_DECLINE_1;$MONARCHTITLE$;$MONARCHTITLE$;$MONARCHTITLE$;;$MONARCHTITLE$;;;;;;;;;x
BACK_CRISIS_OTHER_DECLINE_2;Things don't seem to be escalating yet.;;Die Dinge scheinen noch nicht außer Kontrolle zu sein.;;Las cosas no parecen estar fuera de control.;;;;;;;;;x
BACK_CRISIS_OTHER_DECLINE_3;It seems that $RECIPIENT$;;Es scheint, dass $RECIPIENT$;;Parece que $RECIPIENT$;;;;;;;;;x
BACK_CRISIS_OTHER_DECLINE_4;has declined to back $ACTOR$ in the current crisis;;es abgelehnt hat, $ACTOR$ im aktuellen Konflikt zu unterstützen;;se ha negado respaldar a $ACTOR$ en la crisis actual;;;;;;;;;x
BACK_CRISIS_OTHER_DECLINE_5;*;*;*;*;*;;;;;;;;;x
BACK_CRISIS_OTHER_DECLINE_6;*;*;*;*;*;;;;;;;;;x
BACK_CRISIS_OTHER_DECLINE_BTN1;OK;D'accord;OK;OK;¡Muy bien!;;;;;;;;;x
BACK_CRISIS_OTHER_DECLINE_BTN2;OK;D'accord;OK;OK;¡Muy bien!;;;;;;;;;x
BACK_CRISIS_OTHER_DECLINE_BTN3;Go to;Voir;Geht zu;IdŸ do;Ir allí;;;;;;;;;x
BACK_CRISIS_OTHER_DECLINE_LOG;$RECIPIENT$ declined to back $ACTOR$ in the current crisis.;;$RECIPIENT$ hat es abgelehnt, $ACTOR$ im aktuellen Konflikt zu unterstützen.;;$RECIPIENT$ se negó a respaldar a $ACTOR$ en la crisis actual.;;;;;;;;;x
CRISIS_PROGRESS_DESC;When this meter reaches maxiumum the time for diplomacy is over and the crisis will become a war.;;Wenn dieser Zähler das Maximum erreicht, ist die Zeit für Diplomatie vorrüber und der Konflikt wird in einen Krieg ausarten.;;Cuando este medidor llega al máximo, el tiempo para la diplomacia termina y la crisis se convierte en una guerra.;;;;;;;;;x
CRISIS_WAITING_DESC;At least one side of the crisis is waiting for a Great Power to support them.;;Wenigstens eine Seite des Konflikts wartet auf die Unterstützung durch eine Großmacht.;;Al menos uno de los bando de la crisis está a la espera de una gran potencia para respaldarlos.;;;;;;;;;x
EFFECT_CRISIS_INTEREST;$COUNTRY$ declares interest in the current crisis;;$COUNTRY$ erklärt sein Interesse am aktuellen Konflikt;;$COUNTRY$ declara interés en la crisis actual;;;;;;;;;x
EVTNAME20000;An international crisis is brewing!;;Ein internationaler Konflikt brodelt!;;¡Una crisis internacional se está formando!;;;;;;;;;x
EVTDESC20000;As a great power it is expected of us to assert our position.;;Als Großmacht erwartet man von uns, unsere Position festzulegen.;;Como una gran potencia que se espera de nosotros para hacer valer nuestra posición.;;;;;;;;;x
EVTOPTA20000;Yes, we are interested in this crisis;;Ja, wir sind an diesem Konflikt interessiert;;Sí, estamos interesados en esta crisis;;;;;;;;;x
EVTOPTB20000;This doesn't concern us;;Das geht uns nichts an;;Esto no nos concierne;;;;;;;;;x
CRISIS_BACK_DOWN;Propose Solution;;Schlagt eine Lösung vor;;Proponer soluciones;;;;;;;;;x
CRISISOFFERDESC;$COUNTRY$ is offering to settle the current crisis in our favor:;;$COUNTRY$ schlägt vor, den Konflikt zu unserem Vorteil beizulegen:;;$COUNTRY$ está ofreciendo resolver la crisis actual en nuestro favor:;;;;;;;;;x
CRISISDEMANDDESC;$COUNTRY$ is demanding we settle the current crisis in their favor:;;$COUNTRY$ fordert, dass wir den Konflikt zu ihrem Vorteil beilegen:;;$COUNTRY$ esta exigiendonos reposicionarnos en la actual crisis en su favor:;;;;;;;;;x
crisis_free_peoples;Free people;Libérer la population;Freies Volk;;Liberar Pueblo;;;;;;;;;x
crisis_free_peoples_short;$THIRD$ acquires $STATE$;$THIRD$ prend $STATE$;$THIRD$ erwirbt $STATE$;;$THIRD$ adquiere $STATE$;;;;;;;;;x
crisis_free_peoples_setup;Hand $STATE$ back to $THIRD$ from $RECIPIENT$;Prendre $STATE$ à $RECIPIENT$ pour le rendre à $THIRD$;Geben Sie $STATE$ an $THIRD$ von $RECIPIENT$ zurück;;Entregar $STATE$ de nuevo a $THIRD$ de $RECIPIENT$;;;;;;;;;x
CRISIS_BACK_DOWN_WE_ACCEPT_SETUP;When we accept an offer from the other side in a crisis;;Wenn wir das Angebot der anderen Seite in einem Konflikt akzeptieren;;Cuando aceptamos una oferta del otro bando en caso de crisis;;;;;;;;;x
CRISIS_BACK_DOWN_WE_ACCEPT_HEADER;$MESSENGER$;$MESSENGER$;$MESSENGER$;;$MESSENGER$;;;;;;;;;x
CRISIS_BACK_DOWN_WE_ACCEPT_1;$ACTOR$;$ACTOR$;$ACTOR$;;$ACTOR$;;;;;;;;;x
CRISIS_BACK_DOWN_WE_ACCEPT_2;We have accepted an offer to resolve the current crisis from;;Wir haben zugestimmt, ein Angebot zur Beendigung dieses Konflikts von;;Hemos aceptado una oferta para resolver la actual crisis de;;;;;;;;;x
CRISIS_BACK_DOWN_WE_ACCEPT_3;$ACTOR$;$ACTOR$;$ACTOR$;;$ACTOR$;;;;;;;;;x
CRISIS_BACK_DOWN_WE_ACCEPT_4;on the following terms:;aux conditions suivantes :;zu folgenden Bedingungen anzunehmen:;;en los siguientes términos:;;;;;;;;;x
CRISIS_BACK_DOWN_WE_ACCEPT_5; $TERMS$; §Y$TERMS$§W; $TERMS$;; $TERMS$;;;;;;;;;x
CRISIS_BACK_DOWN_WE_ACCEPT_6;*;*;*;*;*;;;;;;;;;x
CRISIS_BACK_DOWN_WE_ACCEPT_LOG;We accepted the offer to resolve the crisis from $ACTOR$.;;Wir haben das Angebot von  $ACTOR$ zur Beendigung des Konflikts angenommen.;;Hemos aceptado la oferta para resolver la crisis de $ACTOR$.;;;;;;;;;x
CRISIS_BACK_DOWN_WE_ACCEPT_BTN1;Fine!;Parfait !;Gut!;;¡Muy bien!;;;;;;;;;x
CRISIS_BACK_DOWN_WE_ACCEPT_BTN2;Fine!;Parfait !;Gut!;;¡Muy bien!;;;;;;;;;x
CRISIS_BACK_DOWN_WE_ACCEPT_BTN3;Goto;Voir;Geht zu;;Ir allí;;;;;;;;;x
CRISIS_BACK_DOWN_WE_ACCEPT_MAP;Peace!;Paix !;Frieden!;;¡Paz!;;;;;;;;;x
CRISIS_BACK_DOWN_THEY_ACCEPT_SETUP;When a nation accepts your offer of solving a crisis;;Wenn eine Nation Euer Angebot zur Beendigung eines Konflikts annimmt;;Cuando un país acepta tu oferta de resolver una crisis;;;;;;;;;x
CRISIS_BACK_DOWN_THEY_ACCEPT_HEADER;$MESSENGER$;$MESSENGER$;$MESSENGER$;;$MESSENGER$;;;;;;;;;x
CRISIS_BACK_DOWN_THEY_ACCEPT_1;$RECIPIENT$;$RECIPIENT$;$RECIPIENT$;;$RECIPIENT$;;;;;;;;;x
CRISIS_BACK_DOWN_THEY_ACCEPT_2;$RECIPIENT$;$RECIPIENT$;$RECIPIENT$;;$RECIPIENT$;;;;;;;;;x
CRISIS_BACK_DOWN_THEY_ACCEPT_3;accepted our offer of a solution to the current crisis;;hat unser Angebot zur Beendigung des Konflikts angenommen;;aceptado nuestra oferta para solucionar la crisis actual;;;;;;;;;x
CRISIS_BACK_DOWN_THEY_ACCEPT_4;*;*;*;;*;;;;;;;;;x
CRISIS_BACK_DOWN_THEY_ACCEPT_5;*;*;*;;*;;;;;;;;;x
CRISIS_BACK_DOWN_THEY_ACCEPT_6;Terms: $TERMS$;Conditions : $TERMS$;Bedingungen: $TERMS$;;Términos: $TERMS$;;;;;;;;;x
CRISIS_BACK_DOWN_THEY_ACCEPT_LOG;$RECIPIENT$ accepted our peace offer.;$RECIPIENT$ a accepté notre offre de paix.;$RECIPIENT$ akzeptierte unser Friedensangebot.;;$RECIPIENT$ acepta nuestra oferta de paz.;;;;;;;;;x
CRISIS_BACK_DOWN_THEY_ACCEPT_BTN1;Fine!;Parfait !;Gut!;;¡Muy bien!;;;;;;;;;x
CRISIS_BACK_DOWN_THEY_ACCEPT_BTN2;Fine!;Parfait !;Gut!;;¡Muy bien!;;;;;;;;;x
CRISIS_BACK_DOWN_THEY_ACCEPT_BTN3;Goto;Voir;Geht zu;;Ir allí;;;;;;;;;x
CRISIS_BACK_DOWN_THEY_ACCEPT_MAP;*;*;*;*;*;;;;;;;;;x
CRISIS_BACK_DOWN_OTHER_ACCEPT_SETUP;When a nation accepts an offer of solving a crisis;;Wenn eine Nation ein Angebot zur Beendigung eines Konflikts annimmt;;Cuando un país acepta una oferta para resolver una crisis;;;;;;;;;x
CRISIS_BACK_DOWN_OTHER_ACCEPT_HEADER;$MESSENGER$;$MESSENGER$;$MESSENGER$;;$MESSENGER$;;;;;;;;;x
CRISIS_BACK_DOWN_OTHER_ACCEPT_1;$RECIPIENT$;$RECIPIENT$;$RECIPIENT$;;$RECIPIENT$;;;;;;;;;x
CRISIS_BACK_DOWN_OTHER_ACCEPT_2;$RECIPIENT$;$RECIPIENT$;$RECIPIENT$;;$RECIPIENT$;;;;;;;;;x
CRISIS_BACK_DOWN_OTHER_ACCEPT_3;accepted the crisis offer from;;hat das Friedensangebot angenommen, und zwar von;;aceptada la oferta de crisis;;;;;;;;;x
CRISIS_BACK_DOWN_OTHER_ACCEPT_4;$ACTOR$;$ACTOR$.;$ACTOR$;;$ACTOR$;;;;;;;;;x
CRISIS_BACK_DOWN_OTHER_ACCEPT_5;*;*;*;;*;;;;;;;;;x
CRISIS_BACK_DOWN_OTHER_ACCEPT_6;Terms: $TERMS$;Conditions : $TERMS$;Bedingungen: $TERMS$;;Términos: $TERMS$;;;;;;;;;x
CRISIS_BACK_DOWN_OTHER_ACCEPT_LOG;$RECIPIENT$ accepted the crisis offer from $ACTOR$.;;$RECIPIENT$ hat das Friedensangebot von $ACTOR$ angenommen.;;$RECIPIENT$ aceptó la oferta de crisis de $ACTOR$.;;;;;;;;;x
CRISIS_BACK_DOWN_OTHER_ACCEPT_BTN1;Fine!;Parfait !;Gut!;;¡Muy bien!;;;;;;;;;x
CRISIS_BACK_DOWN_OTHER_ACCEPT_BTN2;Fine!;Parfait !;Gut!;;¡Muy bien!;;;;;;;;;x
CRISIS_BACK_DOWN_OTHER_ACCEPT_BTN3;Goto;Voir;Geht zu;;Ir allí;;;;;;;;;x
CRISIS_BACK_DOWN_OTHER_ACCEPT_MAP;*;*;*;*;*;;;;;;;;;x
CRISIS_BACK_DOWN_WE_DECLINE_SETUP;When we decline a offer to resolve a crisis;;Wenn wir ein Angebot zur Beendigung eines Konflikts ablehnen;;Cuando rechazamos una oferta para resolver una crisis;;;;;;;;;x
CRISIS_BACK_DOWN_WE_DECLINE_HEADER;$MESSENGER$;$MESSENGER$;$MESSENGER$;;$MESSENGER$;;;;;;;;;x
CRISIS_BACK_DOWN_WE_DECLINE_1;$ACTOR$;$ACTOR$;$ACTOR$;;$ACTOR$;;;;;;;;;x
CRISIS_BACK_DOWN_WE_DECLINE_2;We have declined the peaceoffer from;;Wir haben das Friedensangebot von;;Hemos rechazado la oferta de paz de;;;;;;;;;x
CRISIS_BACK_DOWN_WE_DECLINE_3;$ACTOR$;$ACTOR$;$ACTOR$;;$ACTOR$;;;;;;;;;x
CRISIS_BACK_DOWN_WE_DECLINE_4;on the following terms:;;zu den folgenden Bedingungen abgelehnt:;;en los siguientes términos:;;;;;;;;;x
CRISIS_BACK_DOWN_WE_DECLINE_5;*;*;*;;*;;;;;;;;;x
CRISIS_BACK_DOWN_WE_DECLINE_6;*;*;*;;*;;;;;;;;;x
CRISIS_BACK_DOWN_WE_DECLINE_LOG;We declined the crisis suggestion offer from $ACTOR$.;;Wir haben den Friedensvorschlag von $ACTOR$ zur Beendigung des Konflikts abgelehnt.;;Rechazamos la oferta de sugerencia crisis desde $ACTOR$.;;;;;;;;;x
CRISIS_BACK_DOWN_WE_DECLINE_BTN1;Fine!;Parfait !;Gut!;;¡Muy bien!;;;;;;;;;x
CRISIS_BACK_DOWN_WE_DECLINE_BTN2;Fine!;Parfait !;Gut!;;¡Muy bien!;;;;;;;;;x
CRISIS_BACK_DOWN_WE_DECLINE_BTN3;Goto;Voir;Geht zu;;Ir allí;;;;;;;;;x
CRISIS_BACK_DOWN_WE_DECLINE_MAP;*;*;*;*;*;;;;;;;;;x
CRISIS_BACK_DOWN_THEY_DECLINE_SETUP;When a nation declines your offer to resolve a crisis;;Wenn eine Nation Euer Angebot zur Beendigung eines Konflikts ablehnt;;Cuando una nación rechaza tu oferta para resolver una crisis;;;;;;;;;x
CRISIS_BACK_DOWN_THEY_DECLINE_HEADER;$MESSENGER$;$MESSENGER$;$MESSENGER$;;$MESSENGER$;;;;;;;;;x
CRISIS_BACK_DOWN_THEY_DECLINE_1;$RECIPIENT$;$RECIPIENT$;$RECIPIENT$;;$RECIPIENT$;;;;;;;;;x
CRISIS_BACK_DOWN_THEY_DECLINE_2;$RECIPIENT$;$RECIPIENT$;$RECIPIENT$;;$RECIPIENT$;;;;;;;;;x
CRISIS_BACK_DOWN_THEY_DECLINE_3;rejected our generous offer to resolve the crisis.;;hat unser spendables Angebot zur Beendigung des Konflikts abgelehnt;;rechazado nuestra oferta generosa para resolver la crisis.;;;;;;;;;x
CRISIS_BACK_DOWN_THEY_DECLINE_4;*;*;*;;*;;;;;;;;;x
CRISIS_BACK_DOWN_THEY_DECLINE_5;*;*;*;;*;;;;;;;;;x
CRISIS_BACK_DOWN_THEY_DECLINE_6;*;*;*;;*;;;;;;;;;x
CRISIS_BACK_DOWN_THEY_DECLINE_LOG;$RECIPIENT$ rejected our crisis solution offer.;;$RECIPIENT$ hat unser Angebot zur Beendigung des Konflikts abgelehnt.;;$RECIPIENT$ rechazó nuestra oferta de solución de crisis.;;;;;;;;;x
CRISIS_BACK_DOWN_THEY_DECLINE_BTN1;Fine!;Parfait !;Gut!;;¡Muy bien!;;;;;;;;;x
CRISIS_BACK_DOWN_THEY_DECLINE_BTN2;Fine!;Parfait !;Gut!;;¡Muy bien!;;;;;;;;;x
CRISIS_BACK_DOWN_THEY_DECLINE_BTN3;Goto;Voir;Geht zu;;Ir allí;;;;;;;;;x
CRISIS_BACK_DOWN_THEY_DECLINE_MAP;*;*;*;*;*;;;;;;;;;x
CRISIS_BACK_DOWN_OTHER_DECLINE_SETUP;When another nation rejects a crisis offer;Si une nation refuse de faire la paix avec une autre;Wenn eine andere Nation ein Angebot zu einem Konflikt ablehnt;;Cuando otro país rechaza una oferta de crisis;;;;;;;;;x
CRISIS_BACK_DOWN_OTHER_DECLINE_HEADER;$MESSENGER$;$MESSENGER$;$MESSENGER$;;$MESSENGER$;;;;;;;;;x
CRISIS_BACK_DOWN_OTHER_DECLINE_1;$RECIPIENT$;$RECIPIENT$;$RECIPIENT$;;$RECIPIENT$;;;;;;;;;x
CRISIS_BACK_DOWN_OTHER_DECLINE_2;$RECIPIENT$;$RECIPIENT$;$RECIPIENT$;;$RECIPIENT$;;;;;;;;;x
CRISIS_BACK_DOWN_OTHER_DECLINE_3;rejected the offer of a crisis solution from;;hat das Angebot zur Beendigung eines Konflikts abgelehnt, und zwar von;;rechazó la oferta de una solución de la crisis de;;;;;;;;;x
CRISIS_BACK_DOWN_OTHER_DECLINE_4;$ACTOR$;$ACTOR$.;$ACTOR$;;$ACTOR$;;;;;;;;;x
CRISIS_BACK_DOWN_OTHER_DECLINE_5;*;*;*;;*;;;;;;;;;x
CRISIS_BACK_DOWN_OTHER_DECLINE_6;*;*;*;;*;;;;;;;;;x
CRISIS_BACK_DOWN_OTHER_DECLINE_LOG;$RECIPIENT$ rejected the offer of a crisis solution from $ACTOR$.;;$RECIPIENT$ hat das Angebot zur Beendigung eines Konflikts von $ACTOR$ abgelehnt.;;$RECIPIENT$ rechazó la oferta de una solución de la crisis de $ACTOR$.;;;;;;;;;x
CRISIS_BACK_DOWN_OTHER_DECLINE_BTN1;Fine!;Parfait !;Gut!;;¡Muy bien!;;;;;;;;;x
CRISIS_BACK_DOWN_OTHER_DECLINE_BTN2;Fine!;Parfait !;Gut!;;¡Muy bien!;;;;;;;;;x
CRISIS_BACK_DOWN_OTHER_DECLINE_BTN3;Goto;Voir;Geht zu;;Ir allí;;;;;;;;;x
CRISIS_BACK_DOWN_OTHER_DECLINE_MAP;;*;*;*;;;;;;;;;;x
CRISIS_BACK_DOWN_DI;Crisis solution offer;;Angebot zur Beendigung eines Konflikts;;Oferta de solución de crisis;;;;;;;;;x
CRISIS_OFFER_DI;Offer of joining a side of a crisis;;Angebot, einer Seite in einem Konflikt beizutreten;;Oferta de unirse a un bando de una crisis;;;;;;;;;x
CRISIS_BACK_DOWNTITLE;Crisis;;Konflikt;;Crisis;;;;;;;;;x
OFFER_CRISIS_PEACE;Offer concessions;;Zugeständnisse anbieten;;Ofrecer concesiones;;;;;;;;;x
DEMAND_CRISIS_PEACE;Demand concessions;;Zugeständnisse fordern;;Demandar concesiones;;;;;;;;;x
COLONIAL_POINTS;Colonial Power;;Kolonialmacht;;Poder Colonial;;;;;;;;;x
COLONIAL_POINTS_TECH;Colonial power points;;Kolonialmacht-Wertung;;Puntos de poder colonial;;;;;;;;;x
CRISIS_TITLE_COUNTRY;$COUNTRY_ADJ$ Crisis;;$COUNTRY_ADJ$ Konflikt;;Crisis $COUNTRY_ADJ$;;;;;;;;;x
CRISIS_DESCRIPTION_INFLUENCE;The struggle for control in $COUNTRY$;;Der Kampf um die Kontrolle in $COUNTRY$;;La lucha por el control en $COUNTRY$;;;;;;;;;x
NAVAL_SORT_LABEL;Sort by:;;Sortieren nach:;;Ordenar por:;;;;;;;;;x
NAVAL_SORT_TYPE;Type;;Typ;;Tipo;;;;;;;;;x
NAVAL_SORT_STANCE;Stance;;Haltung;;Puesto;;;;;;;;;x
NAVAL_SORT_STR_ORG;Str/Org;;Stärke/Org.;;Fuerza/Org.;;;;;;;;;x
battleship;Battleship;;Kampfschiff;;Buque de guerra;;;;;;;;;x
UNCOLONIZED_WITHDRAW;Withdraw;;Zurückziehen;;Retirarse;;;;;;;;;x
UNCOLONIZED_INVEST_LVL1;Expedition;;Expedition;;Expedición;;;;;;;;;x
UNCOLONIZED_INVEST_LVL2;Colonists;;Kolonisten;;Colonos;;;;;;;;;x
UNCOLONIZED_INVEST_LVL3;Outpost;;Außenposten;;Puesto de avanzada;;;;;;;;;x
UNCOLONIZED_INVEST_LVL4;Settlement;;Siedlung;;Asentamiento;;;;;;;;;x
UNCOLONIZED_INVEST_LVL5;Guard post;;Wachposten;;Puesto de Guardia;;;;;;;;;x
UNCOLONIZED_DO_INVEST_LVL1;Send expedition;;Expedition senden;;Enviar expedición;;;;;;;;;x
UNCOLONIZED_DO_INVEST_LVL2;Send colonists;;Kolonisten senden;;Enviar colonos;;;;;;;;;x
UNCOLONIZED_DO_INVEST_LVL3;Construct outpost;;Außenposten bauen;;Construir puesto de avanzada;;;;;;;;;x
UNCOLONIZED_DO_INVEST_LVL4;Build settlement;;Siedlung bauen;;Construir asentamientos;;;;;;;;;x
UNCOLONIZED_DO_INVEST_LVL5;Reinforce guard post;;Wachposten verstärken;;Reforzar los puesto de guardia;;;;;;;;;x
#TENSION_DECAY;Decay: §Y$VAL$§!;;Zerfall: §Y$VAL$§!;;Decaimiento: §Y$VAL$§!;;;;;;;;;x
CB_TENSION;War Justification: §Y$VAL$§!;Casus Belli: §Y$VAL$§!;Kriegsrechtfertigung: §Y$VAL$§!;;Justificación de Guerra: §Y$VAL$§!;;;;;;;;;x
TENSION_FROM_ACTIVE_CRISIS;Active Crisis: §Y$VAL$§!;;Aktive Konflikte: §Y$VAL$§!;;Crisis Activa: §Y$VAL$§!;;;;;;;;;x
AT_WAR_TENSION_DECAY;$COUNTRY$ is at war: §Y$VAL$§;;$COUNTRY$ befindet sich im Krieg: §Y$VAL$§;;$COUNTRY$ está en guerra: §Y$VAL$§;;;;;;;;;x
TRIGGER_FLASHPOINT_TAG;Flashpoint attacker;;Unruheherd-Angreifer;;Iniciador de tensión;;;;;;;;;x
CRISIS_NO_SIDE_PICKED_SETUP;When we have avoided backing one of the sides of the crisis;;Wenn wir es vermieden haben, eine der Seiten in einem Konflikt zu unterstützen;;Cuando hayamos evitado respaldar uno de los bandos de la crisis;;;;;;;;;x
CRISIS_NO_SIDE_PICKED_HEADER;*;*;*;;*;;;;;;;;;x
CRISIS_NO_SIDE_PICKED_1;Diplomatic Indecisiveness;*;Diplomatische Unentschlossenheit;;Indecisión Diplomática;;;;;;;;;x
CRISIS_NO_SIDE_PICKED_2;Because of our failure to act;*;Aufgrund unseres Unvermögens zu handeln,;;Debido a nuestra falta de acción;;;;;;;;;x
CRISIS_NO_SIDE_PICKED_3;our prestige is reduced by §R$PENALTY$§!.;*;wird unser Prestige um §R$PENALTY$§! reduziert.;;nuestro prestigio se reduce en §R$PENALTY$§!.;;;;;;;;;x
CRISIS_NO_SIDE_PICKED_4;In the future we must make a stand in international politics or risk being ignored.;*;In Zukunft müssen wir in der internationalen Politik Stellung beziehen oder wir riskieren es, ignoriert zu werden.;;En el futuro tendremos que tomar una posición en la política internacional o correr elriesgo de ser ignorados.;;;;;;;;;x
CRISIS_NO_SIDE_PICKED_5;*;*;*;;*;;;;;;;;;x
CRISIS_NO_SIDE_PICKED_6;*;*;*;;*;;;;;;;;;x
CRISIS_NO_SIDE_PICKED_LOG;We failed to act before the current crisis concluded;;Wir haben es verpasst zu handeln, bevor der aktuelle Konflikt ihren Abschluss fand;;Fallamos en actuar antes de que la crisis actual concluyera.;;;;;;;;;x
CRISIS_NO_SIDE_PICKED_BTN1;Ok;OK;Ok;;Aceptar;;;;;;;;;x
CRISIS_STARTED_SETUP;An international crisis has started;;Ein internationaler Konflikt hat begonnen;;La crisis internacional ha comenzado;;;;;;;;;x
CRISIS_STARTED_HEADER;$MESSENGER$;$MESSENGER$;$MESSENGER$;;$MESSENGER$;;;;;;;;;x
CRISIS_STARTED_1;International Crisis;*;Internationaler Konflikt;;Crisis Internacional;;;;;;;;;x
CRISIS_STARTED_2;Diplomatic tension has caused an international crisis in;*;Diplomatische Spannungen führten zu einem internationalen Konflikt in;;Tensión diplomática ha provocado una crisis internacional en;;;;;;;;;x
CRISIS_STARTED_3;$CRISISTARGET$;;$CRISISTARGET$;;$CRISISTARGET$;;;;;;;;;x
CRISIS_STARTED_4;We have no concerns, this will be resolved in a civilized way.;;Wir bezweifeln nicht, das dies in zivilisierter Weise beendet wird.;;No tenemos porque preocuparnos, esto se resolverá de una manera civilizada.;;;;;;;;;x
CRISIS_STARTED_5;*;*;*;;*;;;;;;;;;x
CRISIS_STARTED_6;*;*;*;;*;;;;;;;;;x
CRISIS_STARTED_LOG;A new crisis has started;;Ein neuer Konflikt hat begonnen;;Una nueva crisis ha comenzado;;;;;;;;;x
CRISIS_STARTED_BTN1;Ok;OK;Ok;;Aceptar;;;;;;;;;x
CRISIS_BECAME_WAR_SETUP;A crisis has escalated into war;;Ein Konflikt ist in einen Krieg ausgeartet;;Una crisis se ha convertido en una guerra.;;;;;;;;;x
CRISIS_BECAME_WAR_HEADER;$MESSENGER$;$MESSENGER$;$MESSENGER$;;$MESSENGER$;;;;;;;;;x
CRISIS_BECAME_WAR_1;International Crisis;*;Internationaler Konflikt;;Crisis Internacional;;;;;;;;;x
CRISIS_BECAME_WAR_2;The diplomatic negotiations in the current crisis have failed.;*;Die diplomatischen Verhandlungen im aktuellen Konflikt sind fehlgeschlagen.;;Las negociaciones diplomáticas en la crisis actual han fracasado.;;;;;;;;;x
CRISIS_BECAME_WAR_3;It seems the field of battle will decide who is right.;*;Das Schlachtfeld wird wohl entscheiden wer Recht hat.;;Al parecer, el campo de batalla decidirá quién tiene la razón.;;;;;;;;;x
CRISIS_BECAME_WAR_4;*;*;*;;*;;;;;;;;;x
CRISIS_BECAME_WAR_5;*;*;*;;*;;;;;;;;;x
CRISIS_BECAME_WAR_6;*;*;*;;*;;;;;;;;;x
CRISIS_BECAME_WAR_LOG;A crisis has escalated into war.;;Ein Konflikt ist in einen Krieg ausgeartet.;;Una crisis se ha convertido en una guerra.;;;;;;;;;x
CRISIS_BECAME_WAR_BTN1;Ok;OK;Ok;;Aceptar;;;;;;;;;x
IS_IN_CRISIS;is involved in a crisis.;;ist in einen Konflikt verwickelt.;;está involucrado en una crisis.;;;;;;;;;x
IS_NOT_IN_CRISIS;is not involved in a crisis.;;ist nicht in einen Konflikt verwickelt.;;no está involucrado en una crisis.;;;;;;;;;x
BACK_CRISIS_DI;Offer of backing a country in a crisis;;Angebot zur Unterstützung eines in einem Konflikt befindlichen Landes;;Oferta de respaldar a un país en crisis;;;;;;;;;x
CRISIS_NOBODY_BACKED_SETUP;When nobody backs a crisis;;Wenn niemand in einem Konflikt Unterstützung anbietet;;Cuando nadie respalda una crisis;;;;;;;;;x
CRISIS_NOBODY_BACKED_HEADER;$MESSENGER$;$MESSENGER$;$MESSENGER$;;$MESSENGER$;;;;;;;;;x
CRISIS_NOBODY_BACKED_1;Crisis averted for now;*;Konflikt vorerst abgewendet;;Crisis evitada por el momento;;;;;;;;;x
CRISIS_NOBODY_BACKED_2;The crisis in;;Der Konflikt in;;La crisis en;;;;;;;;;x
CRISIS_NOBODY_BACKED_3;§Y$CRISISTARGET$§!;*;§Y$CRISISTARGET$§!;;§Y$CRISISTARGET$§!;;;;;;;;;x
CRISIS_NOBODY_BACKED_4;failed to enlist international interest at this time.;;hat zu diesem Zeitpunkt kein internationales Interesse hervorgerufen.;;fallo al enlistar los intereses internacionales en este momento.;;;;;;;;;x
CRISIS_NOBODY_BACKED_5;*;*;*;;*;;;;;;;;;x
CRISIS_NOBODY_BACKED_6;*;*;*;;*;;;;;;;;;x
CRISIS_NOBODY_BACKED_LOG;Nobody backed current crisis;;Niemand hat den aktuellen Konflikt unterstützt;;Nadie apoyó la crisis actual;;;;;;;;;x
CRISIS_NOBODY_BACKED_BTN1;Ok;OK;Ok;;Aceptar;;;;;;;;;x
BP_TOOL_ICON_INFANTRY;Infantry icon;;Infanterie-Symbol;;Icono de Infantería;;;;;;;;;x
BP_TOOL_ICON_COMBAT;Battle icon;;Kampf-Symbol;;Icono de Batalla;;;;;;;;;x
BP_TOOL_ICON_CAVALRY;Cavalry icon;;Kavallerie-Symbol;;Icono de Caballería;;;;;;;;;x
BP_TOOL_ICON_ARTILLERY;Artillery icon;;Artillerie-Symbol;;Icono de Artillería;;;;;;;;;x
BP_TOOL_ICON_NAVAL;Naval base icon;;Marinestützpunkt-Symbol;;Icono de Base naval;;;;;;;;;x
BP_TOOL_ICON_INVASION;Invasion icon;;Invasion-Symbol;;Icono de Invasión;;;;;;;;;x
BP_TOOL_ICON_WOODEN_SHIP;Ship icon;;Schiff-Symbol;;Icono de Barco;;;;;;;;;x
BP_TOOL_ICON_IRONCLAD;Ironclad icon;;Panzerschiff-Symbol;;Icono de Buque blindado;;;;;;;;;x
BP_TOOL_ICON_INDUSTRY;Industry icon;;Industrie-Symbol;;Icono de Industria;;;;;;;;;x
BP_TOOL_ICON_COLONY;Colony icon;;Kolonie-Symbol;;Icono de Colonia;;;;;;;;;x
BP_TOOL_ICON_WARGOAL_1;Wargoal icon;;Kriegsziel-Symbol;;Icono de Objetivo de guerra;;;;;;;;;x
BP_TOOL_ICON_WARGOAL_2;Wargoal icon;;Kriegsziel-Symbol;;Icono de Objetivo de guerra;;;;;;;;;x
TAKE_SIDE_PENALTY;Prestige penalty for not taking a side: §R$VAL$§!;;Malus auf Prestige, da keine Seite gewählt wurde: §R$VAL$§!;;Penalizacion de prestigio por no tomar partido: §R$VAL$§!;;;;;;;;;x
NO_CALL_ALLY_CRISIS;Can not call allies to a Crisis War before Great Wars are enabled;;Kann keine Verbündeten zu einem Konfliktkrieg rufen, bevor Große Kriege nicht aktiviert wurden;;No se puede llamar aliados a una Guerra de Crisis antes de que las Grandes Guerras se habiliten;;;;;;;;;x
PRODUCTION_BONUS;$BON$ bonus from:;;$BON$ Bonus von:;;Bono de $BON$:;;;;;;;;;x
