DIPLOMACY_AI_ACCEPTANCE;§Y$COUNTRY$§W's response: §Y$ODDS$§W;;§Y$COUNTRY$§Ws Antwort: §Y$ODDS$§W;;§Y$COUNTRY$§W's responde: §Y$ODDS$§W.;;;;;;;;;x
TOO_SOON_FOR_REFORM;We have to wait until §Y$DATE$§W until we can enact another reform.;;Wir müssen bis §Y$DATE$§W warten, bevor wir eine weitere Reform erlassen können.;;Tenemos que esperar hasta §Y$DATE$§W hasta que podamos aprobar una nueva reforma.;;;;;;;;;x
SIEGE_EXTRA_ATTR;§R+$VAL$%§W attrition from resistance to the occupation;;§R+$VAL$%§W Zermürbung durch Widerstand gegen die Besetzung;;§R+$VAL$%§W de desgaste por resistencia a la ocupación.;;;;;;;;;x
NO_SEPARATE_PEACE_CRISIS;We cannot negotiate separate peace in a crisis war;;Wir können in einem Konfliktkrieg keinen separaten Frieden verhandeln ;;No podemos negociar la paz por separado en una guerra de crisis;;;;;;;;;x
CRISIS_RESOLUTION_EFFECTS;Resolving the crisis in this way will give you $VAL$ prestige.;;Die Beilegung des Konflikts auf diese Weise wird Euch $VAL$ Prestige geben.;;Resolver la crisis de esta manera te dará $VAL$ prestigio.;;;;;;;;;x
CRISIS_RESOLUTION_RELATIONS;Relations with the following countries will change:;;Die Beziehungen mit folgenden Ländern werden sich ändern:;;Las relaciones con los siguientes países cambiarán:;;;;;;;;;x
flintlock_rifle_armament;Flintlock Rifle Armament;;Steinschlossgewehr-Aufrüstung;;Fusiles de chispa;;;;;;;;;x
flintlock_rifle_armament_desc;Introduced at the beginning of the 17th century, the flintlock rapidly replaced earlier firearm-ignition technologies, such as the doglock, matchlock, and wheellock mechanisms. It continued to be in common use for over two centuries, replaced by percussion cap and, later, cartridge-based systems in the early-to-mid 19th century. Although long superseded by modern firearms, flintlock weapons enjoy continuing popularity with black-powder shooting enthusiasts.;;Das Steinschloss wurde im frühen 17. Jahrhundert eingeführt und ersetzte schnell die älteren Auslösemechanismen für Schusswaffen, wie z.B. das Schnappschloss, Luntenschloss oder Radschloss. Es war mehr als zwei Jahrzehnte im Einsatz, bevor es vom Zündhütchen und später, Anfang bis Mitte des 19. Jahrhunderts, von patronenbasierten Systemen abgelöst wurde. Auch wenn sie schon lange von modernen Feuerwaffen verdrängt wurden, erfreuen sich Steinschlosswaffen bei Schwarzpulver-Liebhabern immer noch großer Beliebtheit.;;Introducido a principios del siglo 17, el fusil de chispa ha reemplazado rápidamente las tecnologías anteriores como las  armas de fuego de ignición, tales como el doglock, la mecha, y los mecanismos Wheellock. Continuó siendo de uso común durante casi dos siglos, siendo sustituido por el cartucho percutor y después, por cartuchos autopropulsados a mediados del siglo XIX. Aunque durante mucho tiempo han ido siendo sustituidos por armas de fuego modernas, las armas de chispa disfrutan todavía de cierta popularidad entre los amantes del disparo con pólvora negra.;;;;;;;;;x
post_napoleonic_army_doctrine;Post Napoleonic Army Doctrine;;Post-Napoleonische Armee-Doktrin;;Doctrina de Ejército Post-Napoleónica;;;;;;;;;x
post_napoleonic_army_doctrine_desc;"The French Revolution and the Napoleonic Wars that followed revolutionized military strategy. The impact of this period was still to be felt in the American Civil War and the early phases of World War I. With the advent of cheap small arms and the rise of the drafted citizen soldier, armies grew rapidly in size to become massed formations. This necessitated dividing the army first into divisions and later into corps. Along with divisions came divisional artillery; light-weight, mobile cannon with great range and firepower. The rigid formations of pikemen and musketeers firing massed volleys gave way to light infantry fighting in skirmish lines.";;Die französische Revolution und die nachfolgenden Napoleonischen Kriege revolutionierten militärische Strategien. Der Einfluss dieser Periode war noch im amerikanischen Bürgerkrieg und den Anfangsphasen des ersten Weltkriegs spürbar. Mit dem Aufstieg billiger Handfeuerwaffen und der zum Kriegsdienst verpflichteten Bürger, wuchsen die Armeen stark zu Massenformationen an. Dies machte es erforderlich, Armeen zunächst in Divisionen und später inKorps aufzuteilen. Mit den Divisionen kam die Divisionsartillerie: leichte, mobile Kanonen mit großer Reichweite und Feuerkraft. Rigide Formationen von Pikenieren und Musketieren feuerten massive Salven ab und machten der leichten Infanterie in den Schützenlinien den Weg frei.;;"La Revolución Francesa y las guerras napoleónicas que la siguieron revolucionaron la estrategia militar. El impacto de este período aún no se hizo ver hasta la guerra civil americana y las primeras fases de la Primera Guerra Mundial. Con el advenimiento de las armas pequeñas baratas y el surgimiento del ciudadano-soldado entrenado, los ejércitos crecieron rápidamente en tamaño para convertirse en formaciones masivas. Esto hizo necesario dividir el ejército primero en divisiones y luego en cuerpos. Junto con las divisiones llegó artillería divisional; ligera, con cañones móviles de gran alcance y gran poder de fuego. Las formaciones rígidas de piqueros y mosqueteros disparando andanadas masivas dieron paso al combate de infantería en las líneas de escaramuza.";;;;;;;;;x
muzzle_loaded_rifle_armament;Muzzle-loaded Rifle Armament;;Vorderlader-Aufrüstung;;Fusiles avancarga;;;;;;;;;x
muzzle_loaded_rifle_armament_desc;"A muzzle-loading rifle is a gun in which the projectile and propelling charge is loaded through the front-end of the gun, in contrast to a breech loading rifle. Hand held rifles were well-developed by the 1740s. A recognizable form of the ""muzzleloader"" is the Kentucky Rifle, which was actually developed in Pennsylvania. The American Longrifle evolved from the German ""Jäger"" rifle.";;Vorderlader sind Waffen, deren Projektile und Ladungen durch den Lauf geladen werden, im Gegensatz zu den Hinterladern. Handgewehre waren in den 1740ern weit entwickelt. Ein bekannter Vorderlader ist das Kentucky-Gewehr, das in Pennsylvania entwickelt wurde. Das amerikanische Langgewehr wurde vom deutschen Jagdgewehr weiterentwickelt.;;"Un rifle de avancarga es un arma de fuego en la que el proyectil y la carga propulsora se cargan a través del extremo frontal de la pistola, en contraste con un rifle postcarga. Una gran variedad de rifles elaborados a mano aparecieron en la década de 1740. Una forma reconocible del ""arma de avancarga"" es el Rifle de Kentucky, aunque realmente se desarrolló en Pennsylvania. El Longrifle estadounidense evolucionó del rifle alemán ""Jäger"".";;;;;;;;;x
breech_loaded_rifle_armament;Breech-loaded Rifle Armament;;Hinterlader-Aufrüstung;;Fusiles postcarga;;;;;;;;;x
breech_loaded_rifle_armament_desc;A breech-loading weapon is a firearm in which the cartridge or shell is inserted or loaded into a chamber integral to the rear portion of a barrel. Although breech-loading weapons were developed as far back as the late 14th century, breech-loading became more successful with improvements in precision engineering and machining in the 19th century.;;Ein Hinterlader ist eine Feuerwaffe, die mit Patronen oder Granaten in einer Kammer am hinteren Lauf der Waffe geladen wird. Auch wenn Hinterlader schon im späten 14. Jahrhundert entwickelt wurden, wurden sie erst mit Verbesserungen in der Präzision und ihrer Bauweise im 19. Jahrhundert erfolgreicher.;;Un arma de postcarga es un arma de fuego en la que se inserta o se cargan el cartucho o carcasa en una cámara integral de la parte trasera del cañón. Aunque las armas de postcarga se desarrollaron ya en el siglo 14, se hicieron más populares con las mejoras en ingeniería de precisión y mecanizado en el siglo 19.;;;;;;;;;x
bolt_action_rifle_armament;Bolt-action Rifle Armament;;Kammerverschluss-Aufrüstung;;Fusiles de cerrojo;;;;;;;;;x
bolt_action_rifle_armament_desc;Bolt action is a type of firearm action in which the weapon's bolt is operated manually by the opening and closing of the breech (barrel) with a small handle. he first bolt-action rifle was produced in 1824 by Johann Nikolaus von Dreyse, following work on breechloading rifles. European armies continued to develop bolt-action rifles through the latter half of the Nineteenth Century and World War I marked the height of the bolt-action rifle's use, with all of the nations in that war fielding troops armed with various bolt-action designs.;;Beim Kammerverschluss wird der Waffenbolzen manuell durch das Öffnen und Schließen des Hinterladerlaufs, mithilfe eines kleinen Hebels, betätigt. Das erste Gewehr mit Kammerverschluss wurde 1824 von Johann Nikolaus von Dreyse bei seiner Arbeit an Hinterlader-Gewehren hergestellt. Europäische Armeen entwickelten diese Gewehre im späten 19. Jahrhundert weiter und ihre Verwendung fand im ersten Weltkrieg ihren Höhepunkt, als alle kriegsbeteiligten Nationen ihre Truppen mit verschiedenen Entwicklungen dieses Designs ausrüsteten.;;La acción del cerrojo es un tipo de acción para un arma de fuego en la que el cerrojo del arma se acciona manualmente mediante la apertura y cierre de la recámara con una pequeña asa. El primer rifle de cerrojo fue producido en 1824 por Johann Nikolaus von Dreyse, siguiendo el modelo de los fusiles postcarga. Los ejércitos europeos continuaron desarrollando rifles de cerrojo durante de la segunda mitad del siglo XIX y la Primera Guerra Mundial marcó el apogeo del rifle de cerrojo, siendo así que todas las naciones beligerantes poseían varios diseños de fusiles de cerrojo.;;;;;;;;;x
machine_gun_armament;Machine Gun Armament;;Maschinengewehr-Aufrüstung;;Ametralladoras;;;;;;;;;x
machine_gun_armament_desc;"The Gatling gun, patented in 1861 by Richard Jordan Gatling, was the first to offer controlled, sequential fire with automatic loading. It first saw very limited action in the American Civil War; it was subsequently improved and used in the Franco-Prussian war and North-West Rebellion. Many were sold to other armies in the late 19th century and continued to be used into the early 20th century. The first self-powered machine gun was invented in 1885 by Sir Hiram Maxim. The ""Maxim gun"" used the recoil power of the previously fired bullet to reload rather than being hand-powered, enabling a much higher rate of fire than was possible using earlier designs such as the Nordenfelt and Gatling weapons.";;Das Repetiergeschütz wurde 1861 von Richard Jordan Gatling patentiert und bot als erstes die Möglichkeit kontrollierter, aufeinanderfolgender Feuersalven mit automatischem Nachladen. Zu einem ersten, begrenzten Einsatz kam das Gewehr im amerikanischen Bürgerkrieg. Es wurde fortlaufend weiterentwickelt und kam auch im Deutsch-Französischen Krieg und im Nordwest-Widerstand zum Einsatz. Viele Gewehre wurden im späten 19. Jahrhundert an andere Armeen verkauft und bis ins frühe 20. Jahrhundert hinein verwendet. Das erste selbstladende Maschinengewehr wurde 1885 von Sir Hiram Maxim erfunden. Das Maxim-Maschinengewehr nutzte die Energie des Rückstoßes zuvor abgeschossener Kugeln zum Nachladen, keinen Handantrieb, und erlaubte eine höhere Feuerrate als frühere Entwicklungen, wie z.B. das Nordenfelt und das Gatling-Gewehr.;;"El arma Gatling, patentada en 1861 por Richard Jordan Gatling, fue el primero en ofrecer fuego controlado de forma contínua y con carga automática. En primer lugar, tuvo un uso limitada en la Guerra Civil Americana, y fue posteriormente mejorado y utilizado en la guerra franco-prusiana y en la rebelión del Noroeste. Muchas fueron vendidas a otros ejércitos en el siglo 19 y se siguió utilizando en el siglo 20. La primera ametralladora totalmente autoalimentada fue inventada en 1885 por Sir Hiram Maxim. La ""ametralladora Maxim"" utiliza el poder de retroceso de la bala disparada previamente para recargar en lugar de ser accionado a mano, lo que permite una tasa de diparo mucho más alta de lo que era posible usando diseños anteriores como las armas Nordenfelt y Gatling.";;;;;;;;;x
cuirassier_activation;Cuirassiers;;Kürassiere;;Coraceros;;;;;;;;;x
cuirassier_activation_desc;Cuirassiers were mounted cavalry soldiers equipped with armour and firearms, first appearing in late 15th-century Europe. The first cuirassiers were produced as a result of armoured cavalry, such as the man-at-arms and demi-lancer, discarding their lances and adopting the use of pistols as their primary weapon. They achieved increased prominence during the Napoleonic Wars and were last fielded in the opening stages of World War I. Cuirassiers continue to be employed as ceremonial troops by a number of countries.;;Kürassiere waren berittene Kavalleriesoldaten, ausgerüstet mit Rüstung und Feuerwaffen, und tauchten erstmals im späten 15. Jahrhundert in Europa auf. Die ersten Kürassiere waren das Ergebnis gepanzerter Kavallerie, wie z.B. den Landsknechten und Halb-Ulanen, die ihre Lanzen ablegten und Pistolen als ihre Hauptwaffen wählten. Sie gewannen durch die Napoleonischen Kriege große Prominenz und wurden zuletzt zu Beginn des ersten Weltkrieges auf den Kriegsschauplätzen gesehen. Kürassiere werden bei vielen Ländern weiterhin als zeremonielle Truppen eingesetzt.;;Los Coraceros se crearon como soldados de caballería equipados con armaduras y armas de fuego, apareciendo por primera vez en Europa a finales del siglo XV. Los primeros coraceros se crearon como actualización de la caballería acorazada, como el hombre de armas y demi-lancer, desechando sus lanzas y adoptando el uso de pistolas como su arma principal. Lograron mayor relevancia durante las guerras napoleónicas, y fueron utilizados por ultima vez en los primeros compases de la Primera Guerra Mundial. Los Coraceros continuan siendo empleados como soldados ceremoniales por una serie de países.;;;;;;;;;x
dragoon_activation;Dragoons;;Dragoner;;Dragones;;;;;;;;;x
dragoon_activation_desc;The word dragoon originally meant mounted infantry, who were trained in horse riding as well as infantry fighting skills. However, usage altered over time and during the 18th century, dragoons evolved into conventional light cavalry units and personnel. Dragoon regiments were established in most European armies during the late 17th and early 18th centuries. During the Napoleonic Wars, dragoons generally assumed a cavalry role, though remaining a lighter class of mounted troops than the armored cuirassiers.;;Das Wort Dragoner bezog sich ursprünglich auf berittene Infanterie, die sowohl im Reiten als auch in Kampfkünsten der Infanterie  ausgebildet wurden. Mit der Zeit änderte sich die Anwendung, sodass sich Dragoner im 18. Jahrhundert zu konventionellen, leichten Kavallerieeinheiten und Besatzungen entwickelten. Dragoner-Regimenter etablierten sich im späten 17. und frühen 18. Jahrhundert in den meisten Armeen Europas. In den Napoleonischen Kriegen übernahmen Dragoner vorwiegend eine Kavallerie-Rolle, waren allerdings eine leichtere Klasse berittener Truppen als die gepanzerten Kürassiere.;;La palabra dragón significaba originalmente infantería montada, que fue entrenada en la equitación, así como en las habilidades de combate de infantería. Sin embargo, al pasar el tiempo y durante el siglo 18, los dragones evolucionaron hasta convertirse en las unidades de caballería ligera convencionales. Se establecieron regimientos Dragones en ejércitos europeos a finales del siglo XVII y principios del XVIII. Durante las guerras napoleónicas, los dragones finalmente asumieron el papel de caballería de una clase más ligera que los coraceros.;;;;;;;;;x
hussar_activation;Hussars;;Husaren;;Húsares;;;;;;;;;x
hussar_activation_desc;Hussar refers to a number of types of light cavalry which originated in Hungary during the 15th century. The title and distinctive dress of these horsemen was subsequently widely adopted by light cavalry regiments in European and other armies. The hussars played a prominent role as cavalry in the Napoleonic Wars. As light cavalrymen mounted on fast horses, they would be used to fight skirmish battles and for scouting. ;;Husaren sind eine leichte Kavallerie-Einheit, die ihren Ursprung im 15. Jahrhundert in Ungarn hat. Ihre Bezeichnung und die charakteristische Kleidung dieser Reiter wurde in der Folgezeit weitgehend von leichten Kavallerie-Regimentern in Europa und anderen Armeen übernommen. Die Husaren spielten als Kavallerie in den Napoleonischen Kriegen eine wichtige Rolle. Diese leichte Kavallerie auf schnellen Pferden wurde in Gefechten und zur Erkundung eingesetzt.;;"El término ""Húsar"" se refiere a un tipo de caballería ligera que se originó en Hungría durante el siglo XV. El título y la vestimenta distintiva de estos caballeros fue posteriormente adoptado ampliamente por los regimientos de caballería ligera de los ejércitos europeos y de otros países. Los húsares jugaron un papel destacado como caballería en las guerras napoleónicas como jinetes ligeros montados en caballos veloces, que se utilizarían para pelear las batallas de escaramuza y de exploración.";;;;;;;;;x
military_aviation;Military Aviation;;Militärische Luftfahrt;;Aviación Militar;;;;;;;;;x
military_aviation_desc;Military aviation is the use of aircraft and other flying machines for the purposes of conducting or enabling warfare. Heavier-than-air aircraft were recognized as having military applications early on. A Wright Model A was purchased in 1909 by the U.S. Army Signal Corps, and in 1911 the Italians used a variety of aircraft types in reconnaissance, photo-reconnaissance, and bombing roles as part of the Italo-Turkish War. World War I saw military aviation rapidly embrace many specialized types, such as scouts, artillery observers, fighters or bombers.;;Militärische Luftfahrt bedient sich Flugzeugen und anderen Fluggeräten zum Zwecke der Kriegsführung. Luftfahrzeuge, die schwerer als Luft sind, wurden schon früh als militärische Hilfsmittel erkannt. Das Wright Model A wurde 1909 von der U.S. Armee Nachrichtentruppe gekauft und 1911 nutzte Italien mehrere Luftfahrzeuge verschiedenster Art zur Erkundung, Foto-Aufklärung und Bombardierung im Italienisch-Türkischen Krieg. Im ersten Weltkrieg kamen in der militärischen Luftfahrt viele spezialisierte Fluggeräte zum Einsatz, z.B. als Aufklärer, Artilleriebeobachter, Kampfflugzeuge und Bomber.;;La aviación militar es la utilización de aeronaves y otros aparatos voladores a efectos de llevar a cabo o de encauzar una guerra. Hubo aeronaves muy pesadas que se reconocieron como aplicaciones militares desde el principio. Un modelo de Wright A fue comprado en 1909 por los Army Signal Corps de EE.UU, y en 1911 los italianos utiliza una variedad de tipos de aeronaves de reconocimiento, reconocimiento fotográfico y bombarderos como parte de la guerra Italo-Turca. La Primera Guerra Mundial vio un rápido desarrollo de la aviación militar al surgir muchos modelos especializados, como los exploradores, los observadores de artillería, cazas o bombarderos.;;;;;;;;;x
SIEGE;Siege;;Belagerung;;Asedio;;;;;;;;;x
TRANSFER_SUB_ALL;§GShift + LMB§! to transfer all of the same type.;;§GUmschalttaste + LMT§!, um alle vom selben Typ zu transferieren.;;§GShift + LMB§! para transferir todos los del mismo tipo.;;;;;;;;;x
OBSOLETE_UNIT_TECH;§Y$UNIT$§W was made obsolete by §Y$TECH$§W;;§Y$UNIT$§W wurde durch §Y$TECH$§W hinfällig;;§Y$UNIT$§W se quedó obsoleta al desarrollarse §Y$TECH$§W;;;;;;;;;x
ARMY_RECON_TOOLTIP;Recon Efficiency: §Y$VAL$§!%;;Aufklärungs-Effizienz: §Y$VAL$§!%;;Eficiencia de reconocimiento: §Y$VAL$§!%;;;;;;;;;x
ARMY_RECON_DELAYED_TOOLTIP;Recon Efficiency is the ability of this army's scouts to reduce the dig-in bonus of enemy armies and speed up sieges.\n\nThis army contains §Y$RECONUNITS$§! recon brigades out of a needed §Y$RECONMAXUNITS$§!, giving it a Recon Efficiency of §Y$VAL$%§!.;;Aufklärungs-Effizienz ist die Fähigkeit der Späher dieser Armee, den Eingraben-Bonus feindlicher Armeen zu reduzieren und Belagerungen zu beschleunigen.\n\nDiese Armee enthält §Y$RECONUNITS$§! Aufklärungs-Einheiten von benötigten §Y$RECONMAXUNITS$§! und gibt eine Aufklärungs-Effizienz von §Y$VAL$%§!.;;La eficiencia de reconocimiento es la capacidad de los exploradores de este ejército para reducir el bonus de atrincheramiento e incrementar la velocidad de capturar zonas.\n\nEste ejército tiene §Y$RECONUNITS$§! brigadas de reconocimiento de §Y$RECONMAXUNITS$§! necesarias, dando una eficacia de reconocimiento de §Y$VAL$%§!.;;;;;;;;;x
ARMY_ENGINEER_TOOLTIP;Siege Efficiency: §Y$VAL$§!%;;Belagerungs-Effizienz: §Y$VAL$§!%;;Eficiencia de Asedio: §Y$VAL$§!%;;;;;;;;;x
ARMY_ENGINEER_DELAYED_TOOLTIP;Siege Efficiency is the ability of this army's engineers and tanks to reduce the effectiveness of enemy forts when attacking and sieging.\n\nThis army contains §Y$ENGINEERUNITS$§! engineer and tank brigades out of a needed §Y$ENGINEERMAXUNITS$§!, giving it a Siege Efficiency of §Y$VAL$%§!.;;Die Belagerungs-Effizienz ist die Fähigkeit der Ingenieure und Panzer dieser Armee, die Effektivität feindlicher Festungen bei Angriffen und Belagerungen zu reduzieren.\n\nDiese Armee enthält §Y$ENGINEERUNITS$§! Ingenieurs- und Panzereinheiten von benötigten §Y$ENGINEERMAXUNITS$§! und gibt eine Belagerungs-Effizienz von §Y$VAL$%§!.;;La eficiencia de Asedio es la habilidad de los ingenieros y tanques de este ejército para reducir la efectividad de los fuertes enemigos cuando atacan y asedian.\n\nEste ejército tiene §Y$ENGINEERUNITS$§! brigadas de ingenieros y tanques de §Y$ENGINEERMAXUNITS$§! necesarias, otorgandole una Eficacia de Asedio de §Y$VAL$%§!.;;;;;;;;;x
TENSION_DECAY;Base Decay: §Y$VAL$§!;;Basis-Zerfall: §Y$VAL$§!;;Degradación Base: §Y$VAL$§!;;;;;;;;;x
TENSION_FROM_GP_WARS;Great Powers at War: §Y$VAL$§!;;Im Krieg befindliche Großmächte: §Y$VAL$§!;;Grandes Potencias en Guerra: §Y$VAL$§!;;;;;;;;;x
TENSION_FROM_GP_DISARMED;Disarmed Great Powers: §Y$VAL$§!;;Entwaffnete Großmächte:  §Y$VAL$§!;;Grandes Potencias Desarmadas: §Y$VAL$§!;;;;;;;;;x
TENSION_FROM_GP_RANK;Great Power Ranking: §Y$VAL$§!;;Großmächte-Wertung: §Y$VAL$§!;;Ranking de Grandes Potencias: §Y$VAL$§!;;;;;;;;;x
HAS_NOT_CULTURAL_SPHERE;Does NOT have a cultural sphere;;besitzt KEINEN kulturellen Einflussbereich;;NO tiene una esfera cultural;;;;;;;;;x
HAS_CULTURAL_SPHERE;Has a cultural sphere;;besitzt einen kulturellen Einflussbereich;;Tiene una esfera cultural;;;;;;;;;x
UCA;The USCA;;Die USCA;;Provincias Unidas;;;;;;;;;x
LOAD_SAVEGAME_FAIL;Failed to load the savegame.;;Laden des gespeicherten Spielstandes fehlgeschlagen.;;Fallo al cargar la partida;;;;;;;;;x
NEWS_TOOLTIP_UNREAD;You have §G$NUM$§! unread newspapers out of §G$MAX$§! printed.;;Ihr habt §G$NUM$§! ungelesene Zeitungen von §G$MAX$§! veröffentlichten.;;Tienes §G$NUM$§! periódicos sin leer de §G$MAX$§! impresos.;;;;;;;;;x
NEWS_TOOLTIP_NO_NEW;There is no any unread newspapers.;;Es gibt keine neuen, ungelesenen Zeitungen.;;No queda ningún periódico sin leer;;;;;;;;;x
become_independent_desc;Declare independence from your overlord through force of arms;;Erklärt mit Waffengewalt Eure Unabhängigkeit von Eurem Herrscher;;Declarar la independencia del líder de tu esfera a través de la fuerza de la armas;;;;;;;;;x
CRISIS_DAYS_UNTIL_WAR;War will break out in §Y$DAYS$§! days if a diplomatic solution is not found.;;In §Y$DAYS$§! Tag(en) wird Krieg ausbrechen, wenn keine diplomatische Lösung gefunden wird.;;La Guerra estallará en §Y$DAYS$§! Días si no se llega a una solución diplomática.;;;;;;;;;x
REMOVEFROMSPHERE_COST_NO_INFAMY;This will cost §R$PRESTIGE$§! prestige;;Dies wird Euch §R$PRESTIGE$§! Prestige kosten;;Esto costará §R$PRESTIGE$§! Puntos de Prestigio. ;;;;;;;;;x
REMOVEFROMSPHERE_COST;This will cost §R$PRESTIGE$§! prestige and give you §R$INFAMY$§! infamy;;Dies wird §R$PRESTIGE$§! Prestige kosten und Euch §R$INFAMY$§! Infamie einbringen;;Esto costará §R$PRESTIGE$§! Puntos de Prestigio y te otorgará §R$INFAMY$§! Puntos de Infamia.;;;;;;;;;x
REMOVEFROMSPHERE_DESC;Removes nation from a §YGreat Power§W's Sphere of Influence.;;Entfernt die Nation aus dem Einflussbereich einer §YGroßmacht§W.;;Sacar a una nacion de la esfera de influencia de §YGreat Power§W's ;;;;;;;;;x
CRISIS_INTEREST;Their interest: §Y$VAL$§!;;Ihre Zinsen: §Y$VAL$§!;;Sus demandas: §Y$VAL$§!;;;;;;;;;x
CRISIS_MAKE_OFFER_INVALID;You must offer them something!;;Ihr müsst ihnen etwas anbieten!;;¡Debes ofrecer algo a cambio!;;;;;;;;;x
CRISIS_MAKE_OFFER_NOT_LEADER;You must be a leader in the crisis to make offers.;;Ihr müsst der Anführer in diesem Konflikt sein, um Angebote machen zu können.;;Debes ser el líder de la crisis para proponer ofertas.;;;;;;;;;x
CRISIS_MAKE_OFFER;Make an offer to §Y$COUNTRY$§! to entice them to back your side.;;Macht §Y$COUNTRY$§! ein Angebot, um sie zu ködern, Euch Rückhalt zu geben. ;;Hacer una oferta a §Y$COUNTRY$§! para atraerla hacia tu bando.;;;;;;;;;x
CRISIS_AI_WANTS_TO_BACK_1;has not decided who to support.;;hat noch nicht entschieden, welche Seite sie unterstützen.;;No ha decidido a quién apoyar.;;;;;;;;;x
CRISIS_AI_WANTS_TO_BACK_2;is leaning towards supporting;;neigt zur Unterstützung von;;se inclina a apoyar a;;;;;;;;;x
CRISIS_AI_WANTS_TO_BACK_3;is strongly inclined to support;;neigt stark zur Unterstützung von;;está decidida a apoyar a ;;;;;;;;;x
CRISIS_AI_INTEREST;Their interest in supporting;;Ihr Interesse zur Unterstützung von;;Están interesados en apoyar a;;;;;;;;;x
unification_release_puppet_cb_setup;Release $THIRD$ from $RECIPIENT$ and add them to your sphere of influence;;Befreit $THIRD$ von $RECIPIENT$ und fügt sie Eurem Einflussbereich hinzu;;Liberar $THIRD$ de $RECIPIENT$ y añadirlo a tu esfera de influencia;;;;;;;;;x
unification_release_puppet_cb_desc;Release our cultural kin from the control of foreigners and add them to your sphere of influence;;Befreit unsere kulturelle Sippschaft aus der Kontrolle der Fremden und fügt sie Eurem Einflussbereich hinzu;;Liberar nuestros parientes culturales del control de los extranjeros y añadirlos a nuestra esfera de influencia;;;;;;;;;x
unification_release_puppet_cb;Free Cultural Kin;;Befreit kulturelle Sippschaft;;Parientes culturales libres;;;;;;;;;x
unification_release_puppet_cb_short;$THIRD$ is released;;$THIRD$ wurde befreit;;$THIRD$ es liberado;;;;;;;;;x
AIREASON_STRATEGIC_INTERESTS;Strategic Interests;;Strategische Interessen;;Intereses Estratégicos;;;;;;;;;x
AIREASON_BACKED_BY_ALLY;Backed by Ally;;Durch Bündnispartner unterstützt;;Respaldado por Aliado;;;;;;;;;x
AIREASON_ALLY;Ally;;Bündnispartner;;Aliado;;;;;;;;;x
AIREASON_TOO_EARLY_IN_CRISIS;Early in Crisis;;Zu früh im Konflikt;;A principios de la Crisis;;;;;;;;;x
AIREASON_TOO_MANY_CRISIS_WARGOALS;Too Many Wargoals;;Zu viele Kriegsziele;;Demasiados Objetivos Bélicos;;;;;;;;;x
AIREASON_CRISIS_OFFER;$WARGOAL$:;;$WARGOAL$:;;$WARGOAL$:;;;;;;;;;x
AIREASON_ATTACKING_ALLY;Attacking Ally;;Greift Bündnispartner an;;Atacando a Aliados;;;;;;;;;x
AIREASON_ATTACKING_FRIENDS;Attacking Friends;;Greift Freunde an;;Atacando a Amigos;;;;;;;;;x
AIREASON_ATTACKING_ENEMIES;Attacking Enemies;;Greift Feinde an;;Atacando a Enemigos;;;;;;;;;x
AIREASON_COMMON_FOE;Common Foe;;Gemeinsamer Feind;;Enemigo Común;;;;;;;;;x
AIREASON_WAR_WITH_SPHERE_LEADER;War with Sphere Leader;;Krieg mit dem Einflusssphären-Anführer;;Guerra contra el Líder de la Esfera;;;;;;;;;x
AIREASON_CONSTRUCTING_CB;Strategic Interests;;Strategische Interessen;;Intereses Estratégicos;;;;;;;;;x
AIREASON_HELD_CORES;Owns Core Provinces;;Besitzt Kernprovinzen;;Provincias con Núcleos propios;;;;;;;;;x
AIREASON_NEGATIVE_RELATIONS;Negative Relations;;Negative Beziehungen;;Relaciones Negativas;;;;;;;;;x
AIREASON_THREATS;Threats;;Drohungen;;Amenazas;;;;;;;;;x
AIREASON_TOO_MANY_GP_ALLIES;Too many Great Power allies;;Zu viele Großmacht-Bündnispartner;;Demasiadas Grandes Potencias aliadas;;;;;;;;;x
AIREASON_DESIRES_GP_ALLY;Wants a Great Power ally;;Möchte ein Großmacht-Bündnispartner;;Quiere una alianza con una Gran Potencia;;;;;;;;;x
AIREASON_ALLY_OF_ALLY;Ally of Ally;;Bündnispartner von Bündnispartner;;Aliado de un Aliado;;;;;;;;;x
AIREASON_TOO_MANY_ALLIANCES;Too Many Alliances;;Zu viele Bündnisse;;Demasiadas alianzas;;;;;;;;;x
AIREASON_RELATIVE_ARMY_STRENGTH;Army Strength;;Truppen-Stärke;;Fuerza del Ejército;;;;;;;;;x
AIREASON_RELATIVE_NAVY_STRENGTH;Navy Strength;;Flotten-Stärke;;Fuerza de la Armada;;;;;;;;;x
AIREASON_CURRENT_WARS;Current Wars;;Aktuelle Kriege;;Guerras en Curso;;;;;;;;;x
AIREASON_OUR_CASUS_BELLI;Our Casus Belli;;Unser Kriegsgrund;;Nuestros Causus Belli;;;;;;;;;x
AIREASON_YOUR_CASUS_BELLI;Your Casus Belli;;Euer Kriegsgrund;;Tus Causus Belli;;;;;;;;;x
AIREASON_CIV_VS_UNCIV;Civilized vs Uncivilized;;Ziviliziert gegen Unzivilisiert;;Civilizados vs Incivilizados;;;;;;;;;x
AIREASON_DIPLOMATIC_GOALS;Political Considerations;;Politische Überlegungen;;Consideraciones Políticas;;;;;;;;;x
AIREASON_DISTANCE;Distance;;Distanz;;Distancia;;;;;;;;;x
AIREASON_DIFFERENT_GOVTYPES;Government Type;;Regierungsart;;Tipo de Gobierno;;;;;;;;;x
AIREASON_OUR_SPHERE;Our Sphere;;Unsere Einflusssphäre;;Nuestra Esfera;;;;;;;;;x
AIREASON_OTHER_SPHERE_LEADER;Other Sphere Leader;;Andere Einflusssphären-Anführer;;Otro Líder de Esfera;;;;;;;;;x
AIREASON_OTHER_SPHERE;Other Sphere;;Andere Einflusssphäre;;Otra Esfera;;;;;;;;;x
AIREASON_OVERLORD;Overlord;;Herrscher;;Líder;;;;;;;;;x
AIREASON_BADBOY;Infamy;;Infamie;;Infamia;;;;;;;;;x
AIREASON_RELATIONS;Relations;;Beziehungen;;Relaciones Negativas;;;;;;;;;x
AIREASON_GP_RELATIONS;Opinion;;Meinung;;Opinion;;;;;;;;;x
AIREASON_BASE_RELUCTANCE;Base Reluctance;;Basis-Zurückhaltung;;Reticencia de Base;;;;;;;;;x
AI_DIPLOMATIC_VALUE;Diplomatic Value;;Diplomatischer Wert;;Valor Diplomático;;;;;;;;;x
AI_DIPLO_NO;They will not accept;;Sie werden nicht akzeptieren;;No aceptarán;;;;;;;;;x
AI_DIPLO_YES;They will accept;;Sie werden akzeptieren;;Aceptarán;;;;;;;;;x
SHIP_BUILD_MIN_BASE_LEVEL_WARNING;§RCannot be built in this naval port. Requires level §Y$LVL$§R or greater.§!;;§RKann in diesem Marinehafen nicht gebaut werden. Erfordert Stufe §Y$LVL$§R oder besser.§!;;§RNo puede ser construido en este puerto. Requiere el nivel §Y$LVL$§R o superior.§!;;;;;;;;;x
NAVAL_BASE_OVERSEAS_LIMIT;§RCapital ships cannot be built in overseas provinces.§!;;§RGroßkampfschiffe können nicht in Übersee-Provinzen gebaut werden.§!;;§RLos Buques Insignia no pueden ser construidos en provincias coloniales.§!;;;;;;;;;x
NAVAL_COMBAT_DAMAGE_DESC_TITLE;The estimated fire power is §G$POWER$§!:;;Die geschätzte Feuerkraft beträgt §G$POWER$§!:;;La Potencia de Fuego estimada es §G$POWER$§!:;;;;;;;;;x
NAVAL_COMBAT_DAMAGE_DESC_BASE;§Y$UNIT$§! base attack: §G$VAL$§!;;§Y$UNIT$§! Grundangriff: §G$VAL$§!;;§Y$UNIT$§! Ataque base: §G$VAL$§!;;;;;;;;;x
NAVAL_COMBAT_DAMAGE_DESC_TORP;Torpedo attack: §G$VAL$§!;;Torpedo-Angriff: §G$VAL$§!;;Ataque de torpedo: §G$VAL$§!;;;;;;;;;x
NAVAL_COMBAT_DAMAGE_DESC_LUCK;Luck and decisions: §Y$VAL$%§!;;Glück und Entscheidungen: §Y$VAL$%§!;;Suerte y decisiones: §Y$VAL$%§!;;;;;;;;;x
NAVAL_COMBAT_DAMAGE_DESC_HULL;Reduced by opponent hull (§R$HULL$§!): §R$VAL$%§!;;Durch gegnerischen Rumpf (§R$HULL$§!) reduziert um: §R$VAL$%§!;;Reducción por casco del opononte (§R$HULL$§!): §R$VAL$%§!;;;;;;;;;x
NAVAL_COMBAT_DAMAGE_DESC_EXP;Reduced by opponent experience (§R$EXP$%§!): §R$VAL$%§!;;Durch gegnerische Erfahrung (§R$EXP$%§!) reduziert um: §R$VAL$%§!;;Reduccion por experiencia del oponente: (§R$EXP$%§!): §R$VAL$%§!;;;;;;;;;x
NAVAL_COMBAT_DAMAGE_DESC_NOORG;Opponent has no organization: §Y$VAL$%§!;;Gegner besitzt keine Organisation: §Y$VAL$%§!;;El oponente ya no tiene Organización: §Y$VAL$%§!;;;;;;;;;x
NAVAL_COMBAT_DAMAGE_DESC_STR;Reduced by our strength: §R$VAL$%§!;;Durch unsere Stärke reduziert: §R$VAL$%§!;;Reducción por nuestra fuerza: §R$VAL$%§!;;;;;;;;;x
NAVAL_COMBAT_HIT_CHANCE_DESC;Hitting chance: §Y$VAL$%§!;;Trefferchance: §Y$VAL$%§!;;Probabilidad de Impacto: §Y$VAL$%§!;;;;;;;;;x
NAVAL_COMBAT_HIT_CHANCE_DESC_EVA;(reduced by opponent evasion §R$VAL$%§!);;(Durch gegnerische Ausweichrate §R$VAL$%§! reduziert);;(reducción por evasión del oponente §R$VAL$%§!);;;;;;;;;x
MOBILIZATION_PROGRESS_PAUSED;Mobilization recruitment in §Y$PROV$§! will soon begin.;;Rekrutierungs-Mobilisierung in §Y$PROV$§! beginnt in Kürze.;;Movilización de la población en §Y$PROV$§! comenzará inmediatamente.;;;;;;;;;x
MOBILIZATION_PROGRESS_PENDING;Current mobilization progress is §Y$PROG$%§!;;Aktueller Mobilisierungsfortschritt: §Y$PROG$%§!;;El progreso de la movilización actual es §Y$PROG$%§!;;;;;;;;;x
MOBILIZATION_PROGRESS_NOT_MOBILIZED;Mobilization will take some time, but an advanced railway network will speed up the process.;;Die Mobilisierung wird einige Zeit in Anspruch nehmen, doch ein Ausbau des Schienennetzwerks wird den Prozess beschleunigen.;;La movilización llevará algún tiempo, pero una red ferroviaria avanzada acelerará el proceso.;;;;;;;;;x
COLONY_ADD_INFLUENCE;Add colonial influence;;Kolonialen Einfluss hinzufügen;;Añadir influencia colonial;;;;;;;;;x
EVTNAME20100;Tensions in $STATE$;;Spannungen in $STATE$;;Tensiones en $STATE$;;;;;;;;;x
EVTDESC20100;Recently the international community has become increasingly aware of the so-called 'plight of the poor oppressed people in $STATE$. It is claimed we have long oppressed them, and that they long to be free from our benevolent rule. We will, of course, brook no interference in our rule of $STATE$.;;Vor Kurzem wurde die internationale Gemeinschaft zunehmend auf das angebliche Flehen der armen, unterdrückten Bevölkerung in $STATE$ aufmerksam. Es wird behauptet, dass wir sie seit langem unterdrücken und dass sie die Befreiung von unserer wohlwollenden Herrschaft herbeisehnen. Wir werden natürlich keine Störung unserer Herrschaft in $STATE$ tolerieren.;;"Recientemente la comunidad internacional ha comenzado a ser consciente de la llamada ""situación oprimida de la gente pobre en $STATE$"". Afirman que les hemos oprimido por mucho tiempo y que pretenden ser libres de nuestro benevolente gobierno. Nosotros, por supuesto, no permitiremos interferencias en nuestro gobierno sobre $STATE$.";;;;;;;;;x
EVTOPTA20100;Of course not!;;Natürlich nicht!;;¡Por supuesto que no!;;;;;;;;;x
EVTOPTB20100;Maybe we should talk about this...;;Vielleicht sollten wir darüber reden…;;Quizás deberíamos hablar acerca de esto…;;;;;;;;;x
EVTNAME20101;Tensions in $STATE$;;Spannungen in $STATE$;;Tensiones en $STATE$;;;;;;;;;x
EVTDESC20101;Recently the international community has become increasingly aware of the so-called 'plight of the poor oppressed people in $STATE$. It is claimed we have no legitimate right to rule the area, and nearby Great Powers are starting to take an interest in the claims;;Vor Kurzem wurde die internationale Gemeinschaft zunehmend auf das angebliche Flehen der armen, unterdrückten Bevölkerung in $STATE$ aufmerksam. Es wird behauptet, dass wir kein Recht zur Herrschaft in dieser Gegend hätten und benachbarte Großmächte beginnen, ihr Interesse an diesen Behauptungen zu zeigen;;"Recientemente, la comunidad internacional se ha vuelto cada vez más conscientes de la llamada ""situación oprimida de la gente pobre en $STATE$"". Se afirma que no tenemos derecho legítimo a gobernar la zona, y las grandes potencias cercanas están empezando a interesarse en las reivindicaciones.";;;;;;;;;x
EVTOPTA20101;Insist $STATE$ is ours!;;Besteht darauf, dass $STATE$ uns gehört!;;¡Insisto, $STATE$ es nuestro!;;;;;;;;;x
EVTOPTB20101;Concede their point.;;Räumt ihren Anspruch ein.;;Admito este asunto.;;;;;;;;;x
EVTNAME20102;The $CRISISAREA$ Crisis;;Der $CRISISAREA$ Konflikt;;La Crisis de $CRISISAREA$;;;;;;;;;x
EVTDESC20102;Dispute over $CRISISAREA$ has now escalated into an international crisis. $CRISISTAKER$ claims the area as an integral part of their nation, while $CRISISTARGET$ denies they have any claim to it and insists the state should remain under their control. At a recent conference on the matter our ambassador made several rather militant remarks that greatly raised the tempers of all present.\nShould we endorse his position, or issue an apology for his actions and disavow his remarks?;;Der Disput über $CRISISAREA$ ist zu einem internationalen Konflikt eskaliert. $CRISISTAKER$ beansprucht die Gegend als einen integralen Bestandteil ihrer Nation, während $CRISISTARGET$ diesen Anspruch verneint und darauf besteht, dass das Land unter ihrer Kontrolle verbleiben sollte. In einer kürzlichen Konferenz zu dieser Angelegenheit machte unser Botschafter einige recht militante Bemerkungen, die die Stimmung aller Anwesenden aufheizte.\nSollten wir seine Position unterstützen, oder uns für sein Handeln entschuldigen und uns von seinen Äußerungen distanzieren?;;El reparto de $CRISISAREA$ ha desembocado en una crisis internacional. $CRISISTAKER$ afirma que el área como conforma una parte integral de su nación, mientras que $CRISISTARGET$ niega que tengan ningún derecho a ello, e insiste en que el Estado debe permanecer bajo su control. En una conferencia reciente sobre el asunto, nuestro embajador hizo varios comentarios apaciguadores que elevaron considerablemente los ánimos de todos los presentes. \ N¿Deberíamos estar de acuerdo con su posición, o emitir una disculpa por sus acciones y negar sus palabras?;;;;;;;;;x
EVTOPTA20102;He's quite right, only war will solve this!;;Er hat absolut recht, Krieg ist die einzige Lösung!;;Tiene cierta razón, ¡sólo la guerra solucionará esto!;;;;;;;;;x
EVTOPTB20102;Don't listen to him!;;Hört nicht auf ihn!;;¡No lo escuches!;;;;;;;;;x
EVTNAME20103;The destiny of $CRISISTAKER$;;Das Schicksal von $CRISISTAKER$;;El destino de $CRISISTAKER$;;;;;;;;;x
EVTDESC20103;The fate of the $CRISISTAKER_ADJ$ people has become a major international crisis recently. While $CRISISTARGET$ currently controls the area, $CRISISTAKER_ADJ$ rebels and patriots are making a major effort to free themselves from $CRISISTARGET_ADJ$ rule. As a Great Power we have of course sent an ambassador to discuss the fate of $CRISISTAKER$, unfortunately he appeared at the latest summit meeting more drunk than usual and proclaimed that we were prepared to settle the issue by giving all other participants a sound thrashing if they don't follow our lead. Naturally this has escalated the situation, although we can still back down by disavowing his actions, but doing so would be most embarrassing.;;Das Schicksal des $CRISISTAKER_ADJ$en Volkes weitete sich vor Kurzem zu einem internationalen Konflikt aus. Zur Zeit kontrolliert $CRISISTARGET$ die Gegend und die $CRISISTAKER_ADJ$en Rebellen und Patrioten bemühen sich verzweifelt, sich von der $CRISISTARGET_ADJ$en Herrschaft zu befreien. Als Großmacht haben wir natürlich einen Botschafter entsandt, um das Schicksal von $CRISISTAKER$ zu diskutieren, leider hat dieser beim letzten Gipfeltreffen, betrunkener als für gewöhnlich, behauptet, dass wir darauf vorbereitet sind, dieses Problem zu beseitigen, indem er allen anderen Teilnehmern Prügel androhte, wenn sie nicht auf unserer Seite wären. Natürlich sich die Situation dadurch zugespitzt, doch wir können noch zurückrudern und uns von ihm distanzieren, auch wenn das sehr beschämend wäre.;;El destino del pueblo $CRISISTAKER_ADJ$ se ha convertido en una importante crisis internacional recientemente. Mientras que $CRISISTARGET$ actualmente controla la zona, rebeldes y patriotas $CRISISTAKER_ADJ$ están haciendo un gran esfuerzo para liberarse del gobierno $CRISISTARGET_ADJ$. Como Gran Potencia, hemos enviado un embajador para discutir el destino de $CRISISTAKER$, lamentablemente se presentó en la última reunión más borracho que de costumbre y proclamó que estábamos preparados para resolver la cuestión, dando a los demás asistentes una impresión de amenaza en el caso de que no siguieran nuestro ejemplo. Naturalmente, esto ha intensificado la situación, aunque todavía podemos dar marcha atrás por renegar de sus acciones, pero hacerlo sería aun más vergonzoso.;;;;;;;;;x
EVTOPTA20103;Rattle our sabre!;;Lasst unsere Säbel rasseln!;;¡Desenvainad nuestro sable!;;;;;;;;;x
EVTOPTB20103;Fire the fool!;;Entlasst diesen Narren!;;¡Acabad con ese estúpido!;;;;;;;;;x
EVTNAME20104;The $CRISISAREA$ Crisis;;Der $CRISISAREA$ Konflikt;;La Crisis de $CRISISAREA$ ;;;;;;;;;x
EVTDESC20104;Dispute over $CRISISAREA$ has now escalated into an international crisis. With Great Powers taking sides on the matter the stakes are suddenly a lot higher, should we attempt to press our claims strongly or try to calm the situation?;;Der Disput über $CRISISAREA$ ist zu einem nationalen Konflikt eskaliert. Großmächte beziehen Stellung und es steht nun deutlich mehr auf dem Spiel. Sollten wir unsere Ansprüche mit Nachdruck einfordern oder versuchen, die Situation zu beruhigen?;;La disputa de $CRISISAREA$ ha desembocado ahora en una crisis internacional. Con las Grandes Potencias tomando partido acerca del asunto, las tensiones se han disparado, ¿deberíamos presionar para reafirmar nuestras pretensiones o intentar calmar la situación?;;;;;;;;;x
EVTOPTA20104;It's ours!;;Es gehört uns!;;¡Es nuestro!;;;;;;;;;x
EVTOPTB20104;We are open to discussion.;;Wir sind offen für Diskussionen.;;Estamos abiertos a una discusión.;;;;;;;;;x
EVTNAME20105;The $CRISISAREA$ Crisis;;Der $CRISISAREA$ Konflikt;;La Crisis de $CRISISAREA$ ;;;;;;;;;x
EVTDESC20105;With the $CRISISTAKER_ADJ$ rebels struggling to break free from our nation and $CRISISATTACKER$ supporting them, we must hope that the arms of $CRISISDEFENDER$ will be able to support our cause. Should our Ambassador to $CRISISDEFENDER$ ask them to press our case strongly, or hint that we are open to a negotiated settlement?;;Die  $CRISISTAKER_ADJ$en Rebellen kämpfen, um sich von unserer Nation zu befreien, und $CRISISATTACKER$ unterstützt sie. Wir können nur hoffen, dass die Streitmächte von $CRISISDEFENDER$ uns in unserer Sache unterstützen können. Sollte unser Botschafter $CRISISDEFENDER$ um deren absoluten Rückhalt bitten, oder sollten wir andeuten, dass wir einem verhandelten Vergleich nicht im Wege stehen.;;Con los rebeldes $CRISISTAKER_ADJ$ luchando para liberarse de nuestra nación y $CRISISATTACKER$ apoyándolos, debemos confiar en nuestros aliados de $CRISISDEFENDER$ estén dispuestos a apoyar nuestra causa. ¿Debería nuestro Embajador en $CRISISDEFENDER$ solicitar su apoyo por la fuerza o afirmar que estamos abiertos a un acuerdo?;;;;;;;;;x
EVTOPTA20105;Press our Claim!;;Besteht auf unserem Anspruch!;;¡Presiona nuestra reclamación!;;;;;;;;;x
EVTOPTB20105;Let's not fight over this.;;Lasst uns nicht deswegen kämpfen.;;No vamos a luchar por eso.;;;;;;;;;x
COLONIZE_PHASE_INTEREST;Establishing interest;;Interesse etablieren;;Interés de establecerse;;;;;;;;;x
COLONIZE_PHASE_INTEREST_DESC;Compete with investment of colonial power. The top two countries when someone gets $LEVELS$ levels ahead go on to next state of competition;;Investiert in den Wettstreit Kolonialmacht. Die zwei besten Länder treten in die nächste Phase des Wettstreits ein, sobald jemand $LEVELS$ Stufen Vorsprung hat.;;Compite mediante la inversión de poder colonial. Los dos primeros países que alcanzen $LEVELS$ niveles pasarán al siguiente estado de la competición colonial;;;;;;;;;x
COLONIZE_PHASE_INFLUENCE;Colonial competition;;Einfluss sichern;;Competición Colonial;;;;;;;;;x
COLONIZE_PHASE_INFLUENCE_DESC;Two countries battle with colonial power until one side can not match influence. Every time investment is made tension in state will increase and if it gets too hot turns into a crisis.;;Zwei Länder wettstreiten mit Einsatz von Kolonialmacht, bis eine Seite dem Einfluss nichts mehr entgegenzusetzen hat. Mit jeder Investition steigt die Spannung im Staat und wenn die Stimmung zu sehr hochkocht, bricht ein Konflikt aus.;;Dos países compiten mediante poder colonial hasta que un lado no puede igualar la influencia ejercida por el otro. Cada vez que se realiza la inversión en el estado la tensión aumentará y si se incrementa en demasía desembocará en una crisis.;;;;;;;;;x
COLONIZE_PHASE_COLONIZATION;Colonization;;Kolonisierung;;Colonización;;;;;;;;;x
COLONIZE_PHASE_COLONIZATION_DESC;Winner of previous phases has $MONTHS$ months to convert to a colony or lose investments.;;Der Gewinner der vorhergehenden Phasen hat  $MONTHS$ Monate, um eine Kolonie zu konvertieren, oder er verliert alle Investitionen.;;El ganador de las fases previas tiene $MONTHS$ meses para crear la colonia o perder sus inversiones.;;;;;;;;;x
TICKING_WARSCORE_DESC_GRACE;$VAL$ (§Y$DAY$§! days left).;;$VAL$ (§Y$DAY$§! Tag(e) verbleiben).;;$VAL$ (§Y$DAY$§! días restantes).;;;;;;;;;x
TICKING_WARSCORE_DESC_GRACE_EXPLAIN;Territorial war goals that are at least §G$MIN$%§! fulfilled will gradually add war score to the claimant.\nIf a war goal is not fulfilled after §Ygrace period of $DAYS$ days§! it will instead add war score to the owner. A goal occupied by the claimant and retaken by the owner will gradually revert to §Y0§! score to either side.;;Territoriale Kriegsziele, die wenigstens zu §G$MIN$%§! erfüllt sind, geben dem Anspruchsteller mit der Zeit Kriegspunkte.\nWenn ein Kriegsziel nach einer §YFrist von $DAYS$ Tag(en)§! nicht erfüllt ist, so erhält der Besitzer Kriegspunkte. Ein vom Anspruchssteller besetztes und vom Besitzer zurückerobertes Ziel wird auf beiden Seiten schrittweise die Punkte auf §Y0§! zurücksetzen.;;Los objetivos de guerra territoriales cumplidos al menos en §G$MIN$%§!, sumarán gradualmente puntuación de la guerra para el solicitante. \ nSi un objetivo de guerra no se cumple después de §Yperiodo de gracia de $DAYS$ días§!, añadirá puntuación de guerra para su propietario. Un objetivo ocupado por el solicitante y retomado por el propietario volverá gradualmente a proporcionar §Y0§! a cada lado.;;;;;;;;;x
TICKING_WARSCORE_FULFILL_TERRITORY_WG;§GFulfilled when occupying at least $MIN$% provinces of the targeted state(s) of this war goal.§!;;§GIst erfüllt, wenn mindestens $MIN$% der Provinzen der Zielstaaten dieses Kriegsziels eingenommen wurden.§!;;§Gcumplido cuando se ocupe al menos $MIN$% provincias del estado  o estados indicado/s en el objetivo de guerra.§!;;;;;;;;;x
TICKING_WARSCORE_FULFILL_TERRITORY_ANY;§GFulfilled when occupying at least $MIN$% provinces belonging to the targeted nation.§!;;§GIst erfüllt, wenn mindestens $MIN$% der Provinzen im Besitz der Zielnation eingenommen wurden.§!;;§Gcumplido cuando se ocupe al menos $MIN$% provincias pertenecientes a la nación seleccionada.§!;;;;;;;;;x
TICKING_WARSCORE_FULFILL_BATTLE;§GFulfilled when we have a greater war score from battles, once at least §G$BAT$§! have been fought.§!;;§GIst erfüllt, wenn wir einen höhere Kriegswertung durch Gefechte bekommen, sobald mindestens §G$BAT$§! gekämpft wurden.§!;;§GCumplido cuando tengamos una buena puntuación de batallas, habiendo luchado en al menos §G$BAT$§! .§!;;;;;;;;;x
CREATE_PROTECTORATE;Create Protectorate;;Protektorat erstellen;;Crear protectorado;;;;;;;;;x
JAN;Jan Mayen;Jan Mayen;Jan Mayen;;Jan Mayen;;;;;;;;;x
JAN_ADJ;Jan Mayen;Jan Mayen;Jan Mayen;;Jan Mayen;;;;;;;;;x
JAN_liberal;Venstre;Venstre;Venstre;;Venstre;;;;;;;;;x
JAN_conservative;Høyre;Høyre;Høyre;;Høyre;;;;;;;;;x
JAN_socialist;Arbeiderparti;Arbeiderparti;Arbeiderparti;;Arbeiderparti;;;;;;;;;x
JAN_anarcho_liberal;Radicals;Radicaux;Radikale;;Radicales;;;;;;;;;x
JAN_communist;Communists;Communistes;Kommunisten;;Comunistas;;;;;;;;;x
JAN_fascist;Nasjonal Samling;Nasjonal Samling;Nasjonal Samling;;Nasjonal Samling;;;;;;;;;x
COUNTRYALERT_NO_Colonial;Nothing in our colonies needs attention.;;Nichts in unseren Kolonien bedarf unserer Aufmerksamkeit.;;Nada en nuestras colonial requiere de nuestra atención.;;;;;;;;;x
COUNTRYALERT_NO_Crisis;No current crisis.;;Kein aktueller Konflikt.;;No hay crisis actualmente.;;;;;;;;;x
COUNTRYALERT_Crisis;Current crisis is at a temperature of §Y$TEMPERATURE$§!;;Aktuelle Konflikttemperatur: §Y$TEMPERATURE$§!;;Las crisis actuales tienen una tensión de §Y$TEMPERATURE$§!;;;;;;;;;x
HAS_GOODS_IN_STATE;Producing $GOODS$ in state.;;Produziert $GOODS$ im Staat.;;Produciendo $GOODS$ en el estado.;;;;;;;;;x
HAS_NO_GOODS_IN_STATE;Is not producing $GOODS$ in state.;;Produziert kein(e) $GOODS$ im Staat.;;No se esta produciendo $GOODS$ en el estado.;;;;;;;;;x
MILITARY_MOBILIZE_CRISIS_IMPACT;§RMobilizing while on a side in a crisis will increase temperature and lead to war!§!;;§RWährend man sich auf einer Seite in einem Konflikt befindet, wird die Mobilisierung die Temperatur erhöhen und zum Krieg führen!§!;;§R¡Movilizando cuando la tensión de una crisis en un bando aumente y se convierta en una guerra!§!;;;;;;;;;x
NORMAL_WAR_LIBERATE_NAME;$ORDER$$FIRST$ War of $COUNTRY_ADJ$ Freedom;$ORDER$$FIRST$ guerre de libération $COUNTRY_ADJ$;$ORDER$$FIRST$-$COUNTRY_ADJ$er Freiheitskrieg;;$ORDER$$FIRST$ Guerra de Independencia $COUNTRY_ADJ$ ;;;;;;;;;x
AGRESSION_WAR_LIBERATE_NAME;$ORDER$$FIRST$ War of $COUNTRY_ADJ$ Liberation;;$ORDER$$FIRST$-$COUNTRY_ADJ$er Befreiungskrieg;;$ORDER$ Guerra $FIRST$ de liberación $COUNTRY_ADJ$;;;;;;;;;x
CANT_COLONIZE;§RUnable to colonize:§!;;§RKolonisierung nicht möglich:§!;;§RIncapaz de colonizar:§!;;;;;;;;;x
COLONIZE_LAST_INVESTMENT;We have just invested in this area. Next investment can be done after §Y$DATE$§!;;Wir haben gerade erst in diese Gegend investiert. Nächste Investition möglich nach §Y$DATE$§! ;;Acabamos de invertir en esta área. La próxima inversión se podrá realizar después de §Y$DATE$§!;;;;;;;;;x
COLONY_INVEST_COST;Cost of investment: §Y$COST$§! Colonial Power;;Investitionskosten: §Y$COST$§! Kolonialmacht;;Costo de inversión: §Y$COST$§! Poder Colonial;;;;;;;;;x
COLONY_INVEST_COST_LACK;Cost of investment: §R$COST$§! Colonial Power;;Investitionskosten: §R$COST$§! Kolonialmacht;;Costo de inversión: §R$COST$§! Poder Colonial;;;;;;;;;x
COLONIAL_INVESTMENT;Currently invested: §R$VALUE$§!;;Aktuell investiert: §R$VALUE$§!;;Invertido hasta ahora: §R$VALUE$§!;;;;;;;;;x
COLONIAL_MAINTENANCE;Power tied up in maintenance: §R$VALUE$§!;;Durch Versorgung gebundene Kolonialmacht: §R$VALUE$§!;;Poder invertido en manutención: §R$VALUE$§!;;;;;;;;;x
AVAILABLE_COLONIAL_POWER;Available: §Y$VALUE$§!;;Verfügbar: §Y$VALUE$§!;;Disponible: §Y$VALUE$§!;;;;;;;;;x
PW_PROTECTORATE;Protectorate;;Protektorat;;Protectorado;;;;;;;;;x
D01;The Kingdom of $REGION$;;Das Königreich von $REGION$;;El Reino de $REGION$;;;;;;;;;x
D01_ADJ;Kingsmen;;königstreu;;Real;;;;;;;;;x
D02;The Confederation of $REGION$;;Die Konföderation von $REGION$;;La Confederación de $REGION$;;;;;;;;;x
D02_ADJ;Confederate;;konföderiert;;Confederada;;;;;;;;;x
D03;Commonwealth of $REGION$;;Commonwealth von $REGION$;;La Mancomunidad de $REGION$;;;;;;;;;x
D03_ADJ;Commonwealth;;Commonwealth-;;Mancomunada;;;;;;;;;x
D04;The Republic of $REGION$;;Die Republik von $REGION$;;La República de $REGION$;;;;;;;;;x
D04_ADJ;Republican;;republikanisch;;Republicana;;;;;;;;;x
D05;The $REGION$ State;;Der $REGION$-Staat;;El Estado de $REGION$;;;;;;;;;x
D05_ADJ;Stateite;;staatlich;;Estatal;;;;;;;;;x
D06;The People's Republic of $REGION$;;Die Volksrepublik von $REGION$;;La República Popular de $REGION$;;;;;;;;;x
D06_ADJ;Republican;;republikanisch;;Republicana;;;;;;;;;x
D07;The Free State of $REGION$;;Der Freistaat von $REGION$;;El Estado Libre de $REGION$;;;;;;;;;x
D07_ADJ;Freestator;;freistaatlich;;Librestatal;;;;;;;;;x
D08;The Grand State of $REGION$;;Der Großstaat von $REGION$;;El Gran Estado de $REGION$;;;;;;;;;x
D08_ADJ;Grandstator;;großstaatlich;;Granestatal;;;;;;;;;x
D09;The State of $REGION$;;Der Staat von $REGION$;;El Estado de $REGION$;;;;;;;;;x
D09_ADJ;Stateite;;staatlich;;Estatal;;;;;;;;;x
D10;The Principality of $REGION$;;Das Fürstentum von $REGION$;;El Principado de $REGION$;;;;;;;;;x
D10_ADJ;Princely;;fürstlich;;Principesca;;;;;;;;;x
D11;The Democratic Republic of $REGION$;;Die Demokratische Republik von $REGION$;;La República Democrática de $REGION$;;;;;;;;;x
D11_ADJ;Depublican;;depublikanisch;;Republicana;;;;;;;;;x
D12;The $REGION$ Union;;Die $REGION$-Union;;La Unión de $REGION$;;;;;;;;;x
D12_ADJ;Unionite;;Unions-;;Unionista;;;;;;;;;x
D13;The $REGION$ Kingdom;;Das $REGION$-Königreich;;El Reino de $REGION$;;;;;;;;;x
D13_ADJ;Kingsmen;;königstreu;;Real;;;;;;;;;x
D14;The Dominion of $REGION$;;Das Dominion von $REGION$;;El Dominio de $REGION$;;;;;;;;;x
D14_ADJ;Dominion;;Dominions-;;del Dominio;;;;;;;;;x
D15;The Grand Duchy of $REGION$;;Das Großherzogtum von $REGION$;;El Gran Ducado de $REGION$;;;;;;;;;x
D15_ADJ;Grandee;;großherzogstreu;;Ducal;;;;;;;;;x
D16;The $REGION$ Nation;;Die $REGION$-Nation;;La Nación de $REGION$;;;;;;;;;x
D16_ADJ;National;;national;;Nacional;;;;;;;;;x
D17;The $REGION$ Federation;;Die $REGION$-Föderation;;La Federación de $REGION$;;;;;;;;;x
D17_ADJ;Federation;;Föderations-;;Federada;;;;;;;;;x
D18;The United States of $REGION$;;Die Vereinigten Staaten von $REGION$;;Los Estados Unidos de $REGION$;;;;;;;;;x
D18_ADJ;Union;;Unions-;;de la Unión;;;;;;;;;x
D19;The Democratic Union of $REGION$;;Die Demokratische Union von $REGION$;;La Unión Democrática de $REGION$;;;;;;;;;x
D19_ADJ;Union;;Unions-;;de la Unión;;;;;;;;;x
D20;The Princedom of $REGION$;;Das Fürstentum von $REGION$;;El Principado de $REGION$;;;;;;;;;x
D20_ADJ;Princely;;fürstlich;;Principesca;;;;;;;;;x
D21;The Union of $REGION$;;Die Union von $REGION$;;La Unión de $REGION$;;;;;;;;;x
D21_ADJ;Unionite;;Unions-;;Unionista;;;;;;;;;x
D22;The People's Democratic Republic of $REGION$;;Die Demokratische Volksrepublik von $REGION$;;La República Democrática Popular de $REGION$;;;;;;;;;x
D22_ADJ;PDR;;demokratisch-republikanisch;;Republicana;;;;;;;;;x
D23;The $REGION$ Area;;Das $REGION$-Gebiet;;El Territorio de $REGION$;;;;;;;;;x
D23_ADJ;Areon;;ortsansässig;;Territorial;;;;;;;;;x
D24;The Glorious Union of $REGION$;;Die Glorreiche Union von $REGION$;;La Unión Gloriosa de $REGION$;;;;;;;;;x
D24_ADJ;Glorious;;glorreich;;Gloriosa;;;;;;;;;x
D25;Mighty $REGION$;;Das mächtige Gebiet von $REGION$;;La Poderosa $REGION$;;;;;;;;;x
D25_ADJ;Mighty;;mächtig;;Poderosa;;;;;;;;;x
D26;The $REGION$ Free State;;Der $REGION$-Freistaat;;El Estado Libre de $REGION$;;;;;;;;;x
D26_ADJ;Freestator;;freistaatlich;;Librestatal;;;;;;;;;x
D27;The $REGION$ Commonwealth;;$REGION$-Commonwealth;;La Mancomunidad de $REGION$;;;;;;;;;x
D27_ADJ;Commonwealth;;Commonwealth-;;Mancomunada;;;;;;;;;x
D28;The $REGION$ Confederacy;;Die $REGION$-Konföderation;;La Confederación de $REGION$;;;;;;;;;x
D28_ADJ;Confederate;;konföderiert;;Confederada;;;;;;;;;x
D29;The Free People of $REGION$;;Das Freie Volk von $REGION$;;El Pueblo Libre de $REGION$;;;;;;;;;x
D29_ADJ;Freepeople;;frei;;Libertaria;;;;;;;;;x
D30;The $REGION$ Republic;;Die $REGION$-Republik;;La República de $REGION$;;;;;;;;;x
D30_ADJ;Republican;;republikanisch;;Republicana;;;;;;;;;x
D31;The Holy Union of $REGION$;;Die Heilige Union von $REGION$;;La Unión Sagrada de $REGION$;;;;;;;;;x
D31_ADJ;Zealot;;zelotisch;;Fanática;;;;;;;;;x
D32;The People's Union of $REGION$;;Die Volks-Union von $REGION$;;La Unión Popular de $REGION$;;;;;;;;;x
D32_ADJ;Unionite;;Unions-;;Unionista;;;;;;;;;x
D33;The Federal States of $REGION$;;Die Föderationsstaaten von $REGION$;;Los Estados Federales de $REGION$;;;;;;;;;x
D33_ADJ;Federation;;Föderations-;;Federada;;;;;;;;;x
D34;The $REGION$ Federal State;;Der $REGION$-Föderationsstaat;;El Estado Federal de $REGION$;;;;;;;;;x
D34_ADJ;Federation;;Föderations-;;Federada;;;;;;;;;x
D35;The $REGION$ Confederation;;Die $REGION$-Konföderation;;La Confederación de $REGION$;;;;;;;;;x
D35_ADJ;Confederate;;konföderiert;;Confederada;;;;;;;;;x
D36;The $REGION$ Federation;;Die $REGION$-Föderation;;La Federación de $REGION$;;;;;;;;;x
D36_ADJ;Federation;;Föderations-;;Federada;;;;;;;;;x
D37;The Pious Union of $REGION$;;Die Fromme Union von $REGION$;;La Unión Religiosa de $REGION$;;;;;;;;;x
D37_ADJ;Pious;;fromm;;Religiosa;;;;;;;;;x
D38;$REGION$ Land;;$REGION$-Land;;La Tierra de $REGION$;;;;;;;;;x
D38_ADJ;Lander;;Landes-;;Terrenal;;;;;;;;;x
D39;The Most Serene Republic of $REGION$;;Die Republik der Ruhe von $REGION$;;La Serenísima República de $REGION$;;;;;;;;;x
D39_ADJ;Serene;;ruhig;;Republicana;;;;;;;;;x
D40;The Secret Kingdom of $REGION$;;Das Geheime Königreich von $REGION$;;El Reino Oculto de $REGION$;;;;;;;;;x
D40_ADJ;Secret;;geheim;;Real;;;;;;;;;x
D41;The Commune of $REGION$;;Die Kommune von $REGION$;;La Comunidad de $REGION$;;;;;;;;;x
D41_ADJ;Communist;;kommunistisch;;Comunista;;;;;;;;;x
D42;The $REGION$ Commune;;Die $REGION$-Kommune;;La Comunidad de $REGION$;;;;;;;;;x
D42_ADJ;Communist;;kommunistisch;;Comunista;;;;;;;;;x
D43;The Worker's Union of $REGION$;;Die Arbeiter-Union von $REGION$;;La Unión Laboral de $REGION$;;;;;;;;;x
D43_ADJ;Worker;;Arbeiter-;;Laboral;;;;;;;;;x
D44;The Landgrave of $REGION$;;Die Landgrafschaft von $REGION$;;El Landgraviato de $REGION$;;;;;;;;;x
D44_ADJ;Landgravine;;landgrafschaftlich;;Landgravina;;;;;;;;;x
D45;The Nation of $REGION$;;Die Nation von $REGION$;;La Nación de $REGION$;;;;;;;;;x
D45_ADJ;Nationite;;national;;Nacional;;;;;;;;;x
D46;Holy $REGION$;;Die Heilige Region von $REGION$;;La Sagrada $REGION$;;;;;;;;;x
D46_ADJ;Zealous;;zelotisch;;Fanática;;;;;;;;;x
D47;The $REGION$ Dominion;;Das $REGION$-Dominion;;El Dominio de $REGION$;;;;;;;;;x
D47_ADJ;Dominator;;beherrschend;;del Dominio;;;;;;;;;x
D48;The People's State of $REGION$;;Der Volksstaat von $REGION$;;El Estado Popular de $REGION$;;;;;;;;;x
D48_ADJ;Popular;;völkisch;;Popular;;;;;;;;;x
D49;The High Kingdom of $REGION$;;Das Hohe Königreich von $REGION$;;El Alto Reino de $REGION$;;;;;;;;;x
D49_ADJ;Highest;;hochköniglich;;Real;;;;;;;;;x
D50;The Lesser Duchy of $REGION$;;Das Kleinere Fürstentum von $REGION$;;El Bajo Ducado de $REGION$;;;;;;;;;x
D50_ADJ;Duchy;;fürstlich;;Ducal;;;;;;;;;x
dominion_conservative;The Conservative Party;;Die Konservative Partei;;El Partido Conservador;;;;;;;;;x
dominion_reactionary;The Old Guard;;Die Alte Garde;;La Vieja Guardia;;;;;;;;;x
dominion_liberal;The Liberal Party;;Die Liberale Partei;;El Partido Liberal;;;;;;;;;x
dominion_anarcho_liberal;The Freedom Party;;Die Freiheitspartei;;El Partido Libertario;;;;;;;;;x
dominion_socialist;The Socialist Party;;Die Sozialistische Partei;;El Partido Socialista;;;;;;;;;x
dominion_communist;The Communist Party;;Die Kommunistische Partei;;El Partido Comunista;;;;;;;;;x
dominion_fascist;The Imperial Party;;Die Imperiale Partei;;El Partido Imperial;;;;;;;;;x
PW_UPGRADE_TO_COLONY;Click to convert to upgrade to colony. You need §Y$VALUE$§! colonial power points free to do this.;;Klickt, um eine Kolonie zu konvertieren und aufzuwerten. Ihr benötigt §Y$VALUE$§! verfügbare Kolonialmacht, um dies tun zu können.;;Haz click para promover a colonia. Necesitas §Y$VALUE$§! de puntos de poder colonial libres para hacerlo.;;;;;;;;;x
PW_CANT_UPGRADE_TO_COLONY;Upgrading to colony cost §R$VALUE$§! colonial power points.;;Die Aufwertung zur Kolonie kostet §R$VALUE$§! Punkte Kolonialmacht.;;Promover a colonia cuesta §R$VALUE$§! puntos de poder colonial.;;;;;;;;;x
PW_CANT_UPGRADE_TO_STATE;Incorporating as a state cost §R$VALUE$§! colonial power points.;;Die Einführung als Staat kostet §R$VALUE$§! Punkte Kolonialmacht.;;Incorporar como un estado cuesta §R$VALUE$§! puntos de poder colonial.;;;;;;;;;x
CREATE_DOMINION;Release Dominion;;Dominion entlassen;;Liberar Dominio;;;;;;;;;x
CANT_CREATE_PROTECTORATE_COST;You need to have §R$VALUE$§! free colonial power points to create a protectorate.;;Ihr benötigt  §R$VALUE$§! verfügbare Kolonialmacht-Punkte, um ein Protektorat zu erschaffen.;;Necesitas §R$VALUE$§! puntos de poder colonial libres para crear un protectorado.;;;;;;;;;x
torpedo_attacks_desc;The torpedo is a self-propelled weapon with an explosive warhead, launched above or below the water surface, propelled underwater towards a target, and designed to detonate either on contact with its target or in proximity to it. Launched from a small ship, it can be deadly to even the largest warships.;;Ein Torpedo ist eine Waffe mit Eigenantrieb mit einem explosiven Sprengkopf, die über oder unter Wasser abgefeuert werden kann und unter Wasser auf ein Ziel zuschießt. Sie explodiert entweder bei Kontakt mit dem Ziel oder in unmittelbarer Nähe. Diese von einem kleinen Schiff abfeuerbare Waffe kann selbst für die größten Kampfschiffe tödlich sein.;;El torpedo es un arma autopropulsada con una cabeza explosiva, lanzada por sobre o por debajo de la superficie marítima y diseñada para detonar contra un objetivo al contacto con este o al proximarse a él. Puede ser lanzado desde una pequeña nave y es capaz de destruir incluso a los más grandes navíos de guerra.;;;;;;;;;x
